GEO.id,GEO.id2,GEO.display-label,HD01_VD01,HD02_VD01
Id,Id2,Geography,Estimate; Aggregate income in the past 12 months (in 2007 inflation-adjusted dollars),Margin of Error; Aggregate income in the past 12 months (in 2007 inflation-adjusted dollars)
0500000US01003,01003,"Baldwin County, Alabama",238425400,39184023
0500000US01015,01015,"Calhoun County, Alabama",284749400,40324838
0500000US01049,01049,"DeKalb County, Alabama",9125600,4659092
0500000US01051,01051,"Elmore County, Alabama",184188900,25788750
0500000US01055,01055,"Etowah County, Alabama",198893400,31593847
0500000US01069,01069,"Houston County, Alabama",310911700,20597315
0500000US01073,01073,"Jefferson County, Alabama",4389899500,204671658
0500000US01077,01077,"Lauderdale County, Alabama",108189700,22345184
0500000US01081,01081,"Lee County, Alabama",476985400,40819521
0500000US01083,01083,"Limestone County, Alabama",169428700,43409529
0500000US01089,01089,"Madison County, Alabama",1289709800,104599369
0500000US01095,01095,"Marshall County, Alabama",23682300,19513911
0500000US01097,01097,"Mobile County, Alabama",1661923200,129291539
0500000US01101,01101,"Montgomery County, Alabama",1835414300,112981598
0500000US01103,01103,"Morgan County, Alabama",228067600,37487828
0500000US01115,01115,"St. Clair County, Alabama",69627300,29119671
0500000US01117,01117,"Shelby County, Alabama",450384600,70213397
0500000US01121,01121,"Talladega County, Alabama",300730200,37118132
0500000US01125,01125,"Tuscaloosa County, Alabama",824467500,88805162
0500000US01127,01127,"Walker County, Alabama",38179200,20781425
0500000US02020,02020,"Anchorage Municipality, Alaska",465485300,59747902
0500000US02090,02090,"Fairbanks North Star Borough, Alaska",113058600,31378459
0500000US02170,02170,"Matanuska-Susitna Borough, Alaska",9754700,8343687
0500000US04003,04003,"Cochise County, Arizona",99187500,21275587
0500000US04005,04005,"Coconino County, Arizona",9138600,8742985
0500000US04013,04013,"Maricopa County, Arizona",3326994700,190751208
0500000US04017,04017,"Navajo County, Arizona",15971100,13486328
0500000US04019,04019,"Pima County, Arizona",557269800,75582753
0500000US04021,04021,"Pinal County, Arizona",203009500,66749063
0500000US04025,04025,"Yavapai County, Arizona",18845700,13149412
0500000US04027,04027,"Yuma County, Arizona",69113400,28618947
0500000US05007,05007,"Benton County, Arkansas",63014500,20343076
0500000US05031,05031,"Craighead County, Arkansas",111046800,27676470
0500000US05045,05045,"Faulkner County, Arkansas",101598300,17260620
0500000US05051,05051,"Garland County, Arkansas",114020600,25787967
0500000US05069,05069,"Jefferson County, Arkansas",551295300,64687615
0500000US05119,05119,"Pulaski County, Arkansas",1980206300,113151665
0500000US05125,05125,"Saline County, Arkansas",67299400,17606948
0500000US05131,05131,"Sebastian County, Arkansas",92219300,18298777
0500000US05143,05143,"Washington County, Arkansas",107002500,22387245
0500000US05145,05145,"White County, Arkansas",43069400,17827185
0500000US06001,06001,"Alameda County, California",4444225800,256116005
0500000US06007,06007,"Butte County, California",38608300,10651028
0500000US06013,06013,"Contra Costa County, California",2286798500,181727803
0500000US06019,06019,"Fresno County, California",635100300,76327133
0500000US06023,06023,"Humboldt County, California",21109200,10306321
0500000US06025,06025,"Imperial County, California",68714800,31510548
0500000US06029,06029,"Kern County, California",682161500,92410818
0500000US06031,06031,"Kings County, California",181266400,41392428
0500000US06037,06037,"Los Angeles County, California",19278432200,509140717
0500000US06039,06039,"Madera County, California",119115200,56166557
0500000US06041,06041,"Marin County, California",186727300,66210435
0500000US06045,06045,"Mendocino County, California",5828100,5741549
0500000US06047,06047,"Merced County, California",140782800,24358083
0500000US06053,06053,"Monterey County, California",258083000,56495366
0500000US06055,06055,"Napa County, California",54412500,22805955
0500000US06057,06057,"Nevada County, California",10176300,10038908
0500000US06059,06059,"Orange County, California",1771789500,277278394
0500000US06061,06061,"Placer County, California",161235900,47933980
0500000US06065,06065,"Riverside County, California",2885345200,211559319
0500000US06067,06067,"Sacramento County, California",2755310300,205462358
0500000US06071,06071,"San Bernardino County, California",3584423000,175471459
0500000US06073,06073,"San Diego County, California",3271212100,304735884
0500000US06075,06075,"San Francisco County, California",1184394100,130883082
0500000US06077,06077,"San Joaquin County, California",955632100,82685650
0500000US06079,06079,"San Luis Obispo County, California",43132000,28098967
0500000US06081,06081,"San Mateo County, California",521548000,101902490
0500000US06083,06083,"Santa Barbara County, California",167244600,43688455
0500000US06085,06085,"Santa Clara County, California",1356890300,130331996
0500000US06087,06087,"Santa Cruz County, California",74738600,43918585
0500000US06089,06089,"Shasta County, California",12685100,6285096
0500000US06095,06095,"Solano County, California",1318463000,136753727
0500000US06097,06097,"Sonoma County, California",144334100,53055495
0500000US06099,06099,"Stanislaus County, California",297088300,68573544
0500000US06101,06101,"Sutter County, California",33682200,14530027
0500000US06107,06107,"Tulare County, California",124015500,44295267
0500000US06111,06111,"Ventura County, California",448270900,82143896
0500000US06113,06113,"Yolo County, California",113892400,33548196
0500000US06115,06115,"Yuba County, California",18497500,9152731
0500000US08001,08001,"Adams County, Colorado",239901300,37766472
0500000US08005,08005,"Arapahoe County, Colorado",1024809400,83616279
0500000US08031,08031,"Denver County, Colorado",1061438900,117776461
0500000US08035,08035,"Douglas County, Colorado",187571200,36364110
0500000US08041,08041,"El Paso County, Colorado",759846100,82121803
0500000US08059,08059,"Jefferson County, Colorado",113715800,39027345
0500000US08069,08069,"Larimer County, Colorado",37100300,13143931
0500000US08101,08101,"Pueblo County, Colorado",67240000,21713505
0500000US08123,08123,"Weld County, Colorado",27701600,19487134
0500000US09001,09001,"Fairfield County, Connecticut",2075848600,238539518
0500000US09003,09003,"Hartford County, Connecticut",2157174500,133707233
0500000US09005,09005,"Litchfield County, Connecticut",81229900,27427081
0500000US09007,09007,"Middlesex County, Connecticut",171406500,33794808
0500000US09009,09009,"New Haven County, Connecticut",2049463000,146108649
0500000US09011,09011,"New London County, Connecticut",259559800,42290502
0500000US09013,09013,"Tolland County, Connecticut",51566600,24768464
0500000US09015,09015,"Windham County, Connecticut",66159000,34255251
0500000US10001,10001,"Kent County, Delaware",557863400,44510583
0500000US10003,10003,"New Castle County, Delaware",2375047700,157697725
0500000US10005,10005,"Sussex County, Delaware",411231500,48740295
0500000US11001,11001,"District of Columbia, District of Columbia",7656174600,422817741
0500000US12001,12001,"Alachua County, Florida",642159300,84773120
0500000US12005,12005,"Bay County, Florida",319622500,58782042
0500000US12009,12009,"Brevard County, Florida",1142715500,495047482
0500000US12011,12011,"Broward County, Florida",7485079400,288826946
0500000US12015,12015,"Charlotte County, Florida",118446800,31410847
0500000US12017,12017,"Citrus County, Florida",65693200,24950096
0500000US12019,12019,"Clay County, Florida",299853500,61590708
0500000US12021,12021,"Collier County, Florida",263095500,51815800
0500000US12023,12023,"Columbia County, Florida",195886100,68995443
0500000US12031,12031,"Duval County, Florida",4222964200,165869099
0500000US12033,12033,"Escambia County, Florida",918603700,72860631
0500000US12035,12035,"Flagler County, Florida",179186000,25459987
0500000US12053,12053,"Hernando County, Florida",166289500,44962636
0500000US12055,12055,"Highlands County, Florida",91462400,25311274
0500000US12057,12057,"Hillsborough County, Florida",3288374000,162735985
0500000US12061,12061,"Indian River County, Florida",143463600,21591342
0500000US12069,12069,"Lake County, Florida",389187600,48888876
0500000US12071,12071,"Lee County, Florida",618679900,44513462
0500000US12073,12073,"Leon County, Florida",1400123700,100692402
0500000US12081,12081,"Manatee County, Florida",388155100,43898202
0500000US12083,12083,"Marion County, Florida",421709100,46446623
0500000US12085,12085,"Martin County, Florida",81909100,17260770
0500000US12086,12086,"Miami-Dade County, Florida",6861844600,273494831
0500000US12087,12087,"Monroe County, Florida",75354200,16783320
0500000US12089,12089,"Nassau County, Florida",76010200,26632151
0500000US12091,12091,"Okaloosa County, Florida",322443800,52683546
0500000US12095,12095,"Orange County, Florida",3658497100,275330355
0500000US12097,12097,"Osceola County, Florida",390731300,47147056
0500000US12099,12099,"Palm Beach County, Florida",3296334900,184658472
0500000US12101,12101,"Pasco County, Florida",360073200,89422760
0500000US12103,12103,"Pinellas County, Florida",1444764900,129535013
0500000US12105,12105,"Polk County, Florida",1090886200,76035033
0500000US12107,12107,"Putnam County, Florida",155568900,31695941
0500000US12109,12109,"St. Johns County, Florida",188781800,83453399
0500000US12111,12111,"St. Lucie County, Florida",614296400,50958005
0500000US12113,12113,"Santa Rosa County, Florida",98819000,31360957
0500000US12115,12115,"Sarasota County, Florida",244194800,38657954
0500000US12117,12117,"Seminole County, Florida",935133300,164704269
0500000US12119,12119,"Sumter County, Florida",58179700,26157835
0500000US12127,12127,"Volusia County, Florida",757285900,152280679
0500000US13013,13013,"Barrow County, Georgia",169628700,60682307
0500000US13015,13015,"Bartow County, Georgia",140775600,31461327
0500000US13021,13021,"Bibb County, Georgia",1074630000,136032495
0500000US13031,13031,"Bulloch County, Georgia",176601200,32320602
0500000US13045,13045,"Carroll County, Georgia",237082900,45503887
0500000US13051,13051,"Chatham County, Georgia",1529508400,98945186
0500000US13057,13057,"Cherokee County, Georgia",248980500,57602454
0500000US13059,13059,"Clarke County, Georgia",404082400,33572822
0500000US13063,13063,"Clayton County, Georgia",3222737400,185779498
0500000US13067,13067,"Cobb County, Georgia",3448472200,168609527
0500000US13073,13073,"Columbia County, Georgia",357306100,63923453
0500000US13077,13077,"Coweta County, Georgia",317542100,53000232
0500000US13089,13089,"DeKalb County, Georgia",8422282300,287910963
0500000US13095,13095,"Dougherty County, Georgia",812846400,79351091
0500000US13097,13097,"Douglas County, Georgia",797571300,63652984
0500000US13113,13113,"Fayette County, Georgia",460494100,53804944
0500000US13115,13115,"Floyd County, Georgia",125674100,21525098
0500000US13117,13117,"Forsyth County, Georgia",187116300,41581794
0500000US13121,13121,"Fulton County, Georgia",8523472600,397796407
0500000US13127,13127,"Glynn County, Georgia",288970500,42788975
0500000US13135,13135,"Gwinnett County, Georgia",3651202500,209553701
0500000US13139,13139,"Hall County, Georgia",185632400,29137490
0500000US13151,13151,"Henry County, Georgia",1252287300,100185866
0500000US13153,13153,"Houston County, Georgia",675717700,61005938
0500000US13185,13185,"Lowndes County, Georgia",466157700,63924437
0500000US13215,13215,"Muscogee County, Georgia",1439001400,123816481
0500000US13217,13217,"Newton County, Georgia",597177300,68310148
0500000US13223,13223,"Paulding County, Georgia",346486000,56666064
0500000US13245,13245,"Richmond County, Georgia",1635784600,119856768
0500000US13247,13247,"Rockdale County, Georgia",652968300,88351481
0500000US13297,13297,"Walton County, Georgia",239637900,120242179
0500000US15001,15001,"Hawaii County, Hawaii",10724800,6630129
0500000US15003,15003,"Honolulu County, Hawaii",647035300,80206960
0500000US15009,15009,"Maui County, Hawaii",15808400,11114491
0500000US16001,16001,"Ada County, Idaho",40015600,17824510
0500000US16005,16005,"Bannock County, Idaho",1606100,1479441
0500000US16027,16027,"Canyon County, Idaho",11664100,6517624
0500000US17001,17001,"Adams County, Illinois",17809200,7503964
0500000US17019,17019,"Champaign County, Illinois",373373300,66082548
0500000US17031,17031,"Cook County, Illinois",24054629000,570505345
0500000US17037,17037,"DeKalb County, Illinois",43887100,17710820
0500000US17043,17043,"DuPage County, Illinois",909644900,106536984
0500000US17089,17089,"Kane County, Illinois",442141100,72301527
0500000US17091,17091,"Kankakee County, Illinois",256259000,45012922
0500000US17093,17093,"Kendall County, Illinois",99749500,21235532
0500000US17097,17097,"Lake County, Illinois",913133900,92784898
0500000US17111,17111,"McHenry County, Illinois",108959100,58549092
0500000US17113,17113,"McLean County, Illinois",187756700,48851271
0500000US17115,17115,"Macon County, Illinois",233320900,37754945
0500000US17119,17119,"Madison County, Illinois",258211900,47223648
0500000US17143,17143,"Peoria County, Illinois",344914400,43531064
0500000US17161,17161,"Rock Island County, Illinois",177846800,25682461
0500000US17163,17163,"St. Clair County, Illinois",1235778800,103407076
0500000US17167,17167,"Sangamon County, Illinois",223497100,27640043
0500000US17179,17179,"Tazewell County, Illinois",7254600,3873078
0500000US17183,17183,"Vermilion County, Illinois",114228900,24247620
0500000US17197,17197,"Will County, Illinois",1408681700,104008724
0500000US17201,17201,"Winnebago County, Illinois",463498300,65754864
0500000US18003,18003,"Allen County, Indiana",612644400,65555763
0500000US18005,18005,"Bartholomew County, Indiana",30373500,21830461
0500000US18019,18019,"Clark County, Indiana",160278900,25290987
0500000US18035,18035,"Delaware County, Indiana",99529700,23675539
0500000US18039,18039,"Elkhart County, Indiana",125922800,28001544
0500000US18043,18043,"Floyd County, Indiana",42046700,12739537
0500000US18053,18053,"Grant County, Indiana",50132500,10730963
0500000US18057,18057,"Hamilton County, Indiana",302144000,99708206
0500000US18059,18059,"Hancock County, Indiana",39445600,15548287
0500000US18063,18063,"Hendricks County, Indiana",128611300,26132151
0500000US18067,18067,"Howard County, Indiana",118505400,32568271
0500000US18081,18081,"Johnson County, Indiana",20907900,11225651
0500000US18089,18089,"Lake County, Indiana",2092387400,121322069
0500000US18091,18091,"LaPorte County, Indiana",132931600,31217860
0500000US18095,18095,"Madison County, Indiana",128028700,27360183
0500000US18097,18097,"Marion County, Indiana",3931497400,191894088
0500000US18105,18105,"Monroe County, Indiana",53427400,25448677
0500000US18127,18127,"Porter County, Indiana",95290800,25388484
0500000US18141,18141,"St. Joseph County, Indiana",418746700,50631514
0500000US18157,18157,"Tippecanoe County, Indiana",80053600,19003921
0500000US18163,18163,"Vanderburgh County, Indiana",210834400,47940706
0500000US18167,18167,"Vigo County, Indiana",50224900,14968201
0500000US18177,18177,"Wayne County, Indiana",47465100,17853581
0500000US19013,19013,"Black Hawk County, Iowa",126816400,26260302
0500000US19061,19061,"Dubuque County, Iowa",7685400,5193422
0500000US19103,19103,"Johnson County, Iowa",68793800,19523478
0500000US19113,19113,"Linn County, Iowa",114457900,34347942
0500000US19153,19153,"Polk County, Iowa",326000000,40320438
0500000US19155,19155,"Pottawattamie County, Iowa",8298800,7703162
0500000US19163,19163,"Scott County, Iowa",125511100,32940457
0500000US19169,19169,"Story County, Iowa",27649800,17369228
0500000US19193,19193,"Woodbury County, Iowa",30292100,12886521
0500000US20045,20045,"Douglas County, Kansas",68744100,22924626
0500000US20091,20091,"Johnson County, Kansas",532075500,100123014
0500000US20103,20103,"Leavenworth County, Kansas",98037700,43370208
0500000US20161,20161,"Riley County, Kansas",83402500,31173239
0500000US20173,20173,"Sedgwick County, Kansas",559701500,65408007
0500000US20177,20177,"Shawnee County, Kansas",298480600,68264152
0500000US20209,20209,"Wyandotte County, Kansas",641015200,59131861
0500000US21015,21015,"Boone County, Kentucky",74665600,32715867
0500000US21037,21037,"Campbell County, Kentucky",24755000,17976481
0500000US21047,21047,"Christian County, Kentucky",192316400,25774774
0500000US21059,21059,"Daviess County, Kentucky",56536500,15965700
0500000US21067,21067,"Fayette County, Kentucky",695136800,65388039
0500000US21093,21093,"Hardin County, Kentucky",241271800,38081256
0500000US21111,21111,"Jefferson County, Kentucky",2246767600,266045761
0500000US21117,21117,"Kenton County, Kentucky",95926700,37127633
0500000US21151,21151,"Madison County, Kentucky",44233100,20477255
0500000US21227,21227,"Warren County, Kentucky",153386400,35798359
0500000US22005,22005,"Ascension Parish, Louisiana",294678700,48145638
0500000US22015,22015,"Bossier Parish, Louisiana",334303000,33754462
0500000US22017,22017,"Caddo Parish, Louisiana",1687052100,232433746
0500000US22019,22019,"Calcasieu Parish, Louisiana",736107300,89848430
0500000US22033,22033,"East Baton Rouge Parish, Louisiana",2779734300,132388857
0500000US22045,22045,"Iberia Parish, Louisiana",280697300,53315820
0500000US22051,22051,"Jefferson Parish, Louisiana",1703442700,145440366
0500000US22055,22055,"Lafayette Parish, Louisiana",736888400,72044372
0500000US22057,22057,"Lafourche Parish, Louisiana",157186900,36143312
0500000US22063,22063,"Livingston Parish, Louisiana",87536600,23660041
0500000US22071,22071,"Orleans Parish, Louisiana",1952469600,144304493
0500000US22073,22073,"Ouachita Parish, Louisiana",665542600,86374520
0500000US22079,22079,"Rapides Parish, Louisiana",514313800,48888200
0500000US22097,22097,"St. Landry Parish, Louisiana",428545800,58880887
0500000US22103,22103,"St. Tammany Parish, Louisiana",560103900,162515261
0500000US22105,22105,"Tangipahoa Parish, Louisiana",286840100,46534155
0500000US22109,22109,"Terrebonne Parish, Louisiana",243820300,31300540
0500000US23003,23003,"Aroostook County, Maine",4524300,3177190
0500000US23005,23005,"Cumberland County, Maine",70417300,22422329
0500000US23019,23019,"Penobscot County, Maine",16232600,12058823
0500000US24001,24001,"Allegany County, Maryland",21542500,8300415
0500000US24003,24003,"Anne Arundel County, Maryland",1856689900,140811688
0500000US24005,24005,"Baltimore County, Maryland",4708697700,175969143
0500000US24009,24009,"Calvert County, Maryland",352243400,80024265
0500000US24013,24013,"Carroll County, Maryland",188980600,50600758
0500000US24015,24015,"Cecil County, Maryland",169794500,43842082
0500000US24017,24017,"Charles County, Maryland",1531902400,118569913
0500000US24021,24021,"Frederick County, Maryland",539837700,79516009
0500000US24025,24025,"Harford County, Maryland",709445500,58649274
0500000US24027,24027,"Howard County, Maryland",1484770500,149855444
0500000US24031,24031,"Montgomery County, Maryland",4710155200,254130634
0500000US24033,24033,"Prince George's County, Maryland",16971669600,431176388
0500000US24037,24037,"St. Mary's County, Maryland",332096700,56745823
0500000US24043,24043,"Washington County, Maryland",232275500,61763637
0500000US24045,24045,"Wicomico County, Maryland",410371200,111096275
0500000US24510,24510,"Baltimore city, Maryland",6639148200,219827729
0500000US25001,25001,"Barnstable County, Massachusetts",98065600,61511818
0500000US25003,25003,"Berkshire County, Massachusetts",62257300,19415065
0500000US25005,25005,"Bristol County, Massachusetts",301206500,60539228
0500000US25009,25009,"Essex County, Massachusetts",400213900,56163499
0500000US25011,25011,"Franklin County, Massachusetts",39401500,24634396
0500000US25013,25013,"Hampden County, Massachusetts",639450100,74607267
0500000US25015,25015,"Hampshire County, Massachusetts",63656500,26218785
0500000US25017,25017,"Middlesex County, Massachusetts",1313394900,124301501
0500000US25021,25021,"Norfolk County, Massachusetts",739413300,91817030
0500000US25023,25023,"Plymouth County, Massachusetts",748488500,100153156
0500000US25025,25025,"Suffolk County, Massachusetts",2426106500,152831595
0500000US25027,25027,"Worcester County, Massachusetts",417815300,58333446
0500000US26005,26005,"Allegan County, Michigan",14433600,9116088
0500000US26017,26017,"Bay County, Michigan",23153700,10858838
0500000US26021,26021,"Berrien County, Michigan",240984700,30750212
0500000US26025,26025,"Calhoun County, Michigan",201517100,29862947
0500000US26045,26045,"Eaton County, Michigan",128920200,31648240
0500000US26049,26049,"Genesee County, Michigan",1230225600,88087231
0500000US26055,26055,"Grand Traverse County, Michigan",10043100,7356780
0500000US26065,26065,"Ingham County, Michigan",456915700,57594227
0500000US26073,26073,"Isabella County, Michigan",22835700,6243875
0500000US26075,26075,"Jackson County, Michigan",126239700,27348929
0500000US26077,26077,"Kalamazoo County, Michigan",314983000,53875923
0500000US26081,26081,"Kent County, Michigan",724933900,55454870
0500000US26087,26087,"Lapeer County, Michigan",3550300,3047293
0500000US26091,26091,"Lenawee County, Michigan",58794900,24650371
0500000US26099,26099,"Macomb County, Michigan",1158996500,98678445
0500000US26111,26111,"Midland County, Michigan",5719400,4417456
0500000US26115,26115,"Monroe County, Michigan",99103500,32235276
0500000US26121,26121,"Muskegon County, Michigan",245597400,39045651
0500000US26125,26125,"Oakland County, Michigan",3642299400,223122944
0500000US26139,26139,"Ottawa County, Michigan",39883200,15252099
0500000US26145,26145,"Saginaw County, Michigan",481837400,55831911
0500000US26147,26147,"St. Clair County, Michigan",55053600,14081841
0500000US26159,26159,"Van Buren County, Michigan",55170100,12459479
0500000US26161,26161,"Washtenaw County, Michigan",861985500,77410560
0500000US26163,26163,"Wayne County, Michigan",12761195300,394388827
0500000US27003,27003,"Anoka County, Minnesota",187943900,79275253
0500000US27037,27037,"Dakota County, Minnesota",280663500,47716096
0500000US27053,27053,"Hennepin County, Minnesota",1834232600,117026803
0500000US27109,27109,"Olmsted County, Minnesota",45572900,29308498
0500000US27123,27123,"Ramsey County, Minnesota",648542000,62968306
0500000US27137,27137,"St. Louis County, Minnesota",24421800,15479408
0500000US27139,27139,"Scott County, Minnesota",64465100,16280181
0500000US27141,27141,"Sherburne County, Minnesota",11552500,5272083
0500000US27145,27145,"Stearns County, Minnesota",11144300,3485159
0500000US27163,27163,"Washington County, Minnesota",109302700,42791717
0500000US28033,28033,"DeSoto County, Mississippi",534100200,67884999
0500000US28035,28035,"Forrest County, Mississippi",380430900,108712922
0500000US28047,28047,"Harrison County, Mississippi",594809500,76478562
0500000US28049,28049,"Hinds County, Mississippi",2516824800,183676582
0500000US28059,28059,"Jackson County, Mississippi",370413400,37910818
0500000US28067,28067,"Jones County, Mississippi",192841200,41620732
0500000US28075,28075,"Lauderdale County, Mississippi",325283500,37339964
0500000US28081,28081,"Lee County, Mississippi",232851900,61378992
0500000US28089,28089,"Madison County, Mississippi",518384100,71042299
0500000US28121,28121,"Rankin County, Mississippi",451796900,72746806
0500000US29019,29019,"Boone County, Missouri",166140400,31228765
0500000US29021,29021,"Buchanan County, Missouri",32673000,14317778
0500000US29031,29031,"Cape Girardeau County, Missouri",55138200,22267037
0500000US29037,29037,"Cass County, Missouri",58973700,13407228
0500000US29047,29047,"Clay County, Missouri",114529000,27332600
0500000US29051,29051,"Cole County, Missouri",118227000,43098717
0500000US29071,29071,"Franklin County, Missouri",29318100,6581288
0500000US29077,29077,"Greene County, Missouri",116477400,45697481
0500000US29095,29095,"Jackson County, Missouri",2283894200,111476513
0500000US29097,29097,"Jasper County, Missouri",15811400,10337210
0500000US29099,29099,"Jefferson County, Missouri",60969700,19957008
0500000US29165,29165,"Platte County, Missouri",90053200,25955511
0500000US29183,29183,"St. Charles County, Missouri",296060500,52624014
0500000US29189,29189,"St. Louis County, Missouri",3940111500,172529481
0500000US29510,29510,"St. Louis city, Missouri",2205991600,113855099
0500000US30013,30013,"Cascade County, Montana",11411500,6872513
0500000US30111,30111,"Yellowstone County, Montana",25257500,15985458
0500000US31055,31055,"Douglas County, Nebraska",752747400,64798374
0500000US31109,31109,"Lancaster County, Nebraska",132778600,28643691
0500000US31153,31153,"Sarpy County, Nebraska",124524500,37925408
0500000US32003,32003,"Clark County, Nevada",3508339700,168523890
0500000US32031,32031,"Washoe County, Nevada",167006700,41054183
0500000US33005,33005,"Cheshire County, New Hampshire",2254700,1987396
0500000US33011,33011,"Hillsborough County, New Hampshire",162488400,39357781
0500000US33013,33013,"Merrimack County, New Hampshire",14936000,6928861
0500000US33015,33015,"Rockingham County, New Hampshire",59920500,17882504
0500000US33017,33017,"Strafford County, New Hampshire",17810400,16163965
0500000US34001,34001,"Atlantic County, New Jersey",891420600,204931238
0500000US34003,34003,"Bergen County, New Jersey",1576706500,168476161
0500000US34005,34005,"Burlington County, New Jersey",1815154900,116970934
0500000US34007,34007,"Camden County, New Jersey",1771376300,107103527
0500000US34009,34009,"Cape May County, New Jersey",76770300,31753991
0500000US34011,34011,"Cumberland County, New Jersey",406263500,49647142
0500000US34013,34013,"Essex County, New Jersey",6338159100,239372522
0500000US34015,34015,"Gloucester County, New Jersey",668136500,81271049
0500000US34017,34017,"Hudson County, New Jersey",1741951900,116836320
0500000US34019,34019,"Hunterdon County, New Jersey",63712200,45554886
0500000US34021,34021,"Mercer County, New Jersey",1468550200,116473616
0500000US34023,34023,"Middlesex County, New Jersey",1954800300,128295309
0500000US34025,34025,"Monmouth County, New Jersey",1208474100,198997890
0500000US34027,34027,"Morris County, New Jersey",464011400,85525720
0500000US34029,34029,"Ocean County, New Jersey",353700700,60500529
0500000US34031,34031,"Passaic County, New Jersey",1079311500,85219356
0500000US34033,34033,"Salem County, New Jersey",184122700,33889832
0500000US34035,34035,"Somerset County, New Jersey",944501900,98239991
0500000US34037,34037,"Sussex County, New Jersey",110363800,43972400
0500000US34039,34039,"Union County, New Jersey",2555718400,153403551
0500000US34041,34041,"Warren County, New Jersey",86753300,33279976
0500000US35001,35001,"Bernalillo County, New Mexico",380763800,75704949
0500000US35013,35013,"Dona Ana County, New Mexico",115831000,33902933
0500000US35043,35043,"Sandoval County, New Mexico",120072300,96815337
0500000US35049,35049,"Santa Fe County, New Mexico",17956700,11012907
0500000US35061,35061,"Valencia County, New Mexico",9757500,7447838
0500000US36001,36001,"Albany County, New York",494488400,74061316
0500000US36005,36005,"Bronx County, New York",7760725000,230341221
0500000US36007,36007,"Broome County, New York",104437700,23306613
0500000US36009,36009,"Cattaraugus County, New York",10060900,7041589
0500000US36011,36011,"Cayuga County, New York",20472500,15853296
0500000US36013,36013,"Chautauqua County, New York",26246600,13706456
0500000US36015,36015,"Chemung County, New York",81493700,36793392
0500000US36019,36019,"Clinton County, New York",15273400,10051567
0500000US36027,36027,"Dutchess County, New York",579401900,120835473
0500000US36029,36029,"Erie County, New York",1810441400,143776605
0500000US36045,36045,"Jefferson County, New York",85125900,17508112
0500000US36047,36047,"Kings County, New York",16542184000,405422261
0500000US36053,36053,"Madison County, New York",2358700,1372959
0500000US36055,36055,"Monroe County, New York",1581437000,120753893
0500000US36059,36059,"Nassau County, New York",4012225900,238620173
0500000US36061,36061,"New York County, New York",5040683700,355850849
0500000US36063,36063,"Niagara County, New York",168071600,28042943
0500000US36065,36065,"Oneida County, New York",140666400,27995815
0500000US36067,36067,"Onondaga County, New York",619528800,83999991
0500000US36069,36069,"Ontario County, New York",37664400,10869915
0500000US36071,36071,"Orange County, New York",687788100,99383131
0500000US36075,36075,"Oswego County, New York",8936700,4885544
0500000US36079,36079,"Putnam County, New York",11208300,9298827
0500000US36081,36081,"Queens County, New York",9883571900,317568386
0500000US36083,36083,"Rensselaer County, New York",103338600,29105018
0500000US36085,36085,"Richmond County, New York",890764400,130068583
0500000US36087,36087,"Rockland County, New York",905622500,141966081
0500000US36089,36089,"St. Lawrence County, New York",10960700,10963445
0500000US36091,36091,"Saratoga County, New York",73101400,35001729
0500000US36093,36093,"Schenectady County, New York",183246900,37615573
0500000US36101,36101,"Steuben County, New York",7502400,3875316
0500000US36103,36103,"Suffolk County, New York",2414595900,159425423
0500000US36105,36105,"Sullivan County, New York",105765300,21690394
0500000US36109,36109,"Tompkins County, New York",57652000,22603257
0500000US36111,36111,"Ulster County, New York",164854400,34085526
0500000US36117,36117,"Wayne County, New York",39679800,11974467
0500000US36119,36119,"Westchester County, New York",3303662000,232615400
0500000US37001,37001,"Alamance County, North Carolina",416804600,37912399
0500000US37019,37019,"Brunswick County, North Carolina",200157700,41761952
0500000US37021,37021,"Buncombe County, North Carolina",258447600,39781870
0500000US37023,37023,"Burke County, North Carolina",77203300,21360130
0500000US37025,37025,"Cabarrus County, North Carolina",382801400,53645961
0500000US37027,37027,"Caldwell County, North Carolina",42868500,14268583
0500000US37035,37035,"Catawba County, North Carolina",163266200,24729176
0500000US37045,37045,"Cleveland County, North Carolina",240990500,31167368
0500000US37049,37049,"Craven County, North Carolina",335913800,39349049
0500000US37051,37051,"Cumberland County, North Carolina",1987335500,131402313
0500000US37057,37057,"Davidson County, North Carolina",189212400,57910925
0500000US37063,37063,"Durham County, North Carolina",1716546300,116091295
0500000US37067,37067,"Forsyth County, North Carolina",1436886100,99752418
0500000US37071,37071,"Gaston County, North Carolina",430074500,63714166
0500000US37081,37081,"Guilford County, North Carolina",2478300200,136641445
0500000US37085,37085,"Harnett County, North Carolina",321058100,33122159
0500000US37089,37089,"Henderson County, North Carolina",59935200,15242571
0500000US37097,37097,"Iredell County, North Carolina",303940000,34933207
0500000US37101,37101,"Johnston County, North Carolina",394179400,45070859
0500000US37109,37109,"Lincoln County, North Carolina",86075700,25473903
0500000US37119,37119,"Mecklenburg County, North Carolina",5037554100,225399778
0500000US37125,37125,"Moore County, North Carolina",97126000,37933511
0500000US37127,37127,"Nash County, North Carolina",649572500,83129874
0500000US37129,37129,"New Hanover County, North Carolina",456744700,75981086
0500000US37133,37133,"Onslow County, North Carolina",529757200,65730233
0500000US37135,37135,"Orange County, North Carolina",304808400,58790635
0500000US37147,37147,"Pitt County, North Carolina",665145100,57650108
0500000US37151,37151,"Randolph County, North Carolina",110472000,23209010
0500000US37155,37155,"Robeson County, North Carolina",359185700,46700521
0500000US37157,37157,"Rockingham County, North Carolina",264480800,39303373
0500000US37159,37159,"Rowan County, North Carolina",275682300,26178687
0500000US37171,37171,"Surry County, North Carolina",39337600,14616211
0500000US37179,37179,"Union County, North Carolina",518948500,101589094
0500000US37183,37183,"Wake County, North Carolina",3442730100,204402083
0500000US37191,37191,"Wayne County, North Carolina",515787900,59791094
0500000US37193,37193,"Wilkes County, North Carolina",60604200,17377545
0500000US37195,37195,"Wilson County, North Carolina",385851000,48763434
0500000US38017,38017,"Cass County, North Dakota",28505000,19282313
0500000US38035,38035,"Grand Forks County, North Dakota",22799400,8562122
0500000US39003,39003,"Allen County, Ohio",190971500,77911491
0500000US39007,39007,"Ashtabula County, Ohio",37026200,12669478
0500000US39013,39013,"Belmont County, Ohio",23249300,10944969
0500000US39017,39017,"Butler County, Ohio",504599400,63279305
0500000US39023,39023,"Clark County, Ohio",194865300,34038628
0500000US39025,39025,"Clermont County, Ohio",44805500,35663286
0500000US39029,39029,"Columbiana County, Ohio",26043500,17564253
0500000US39035,39035,"Cuyahoga County, Ohio",6012214800,235032349
0500000US39041,39041,"Delaware County, Ohio",202443600,47850393
0500000US39043,39043,"Erie County, Ohio",96284700,36368946
0500000US39045,39045,"Fairfield County, Ohio",165530600,35580893
0500000US39049,39049,"Franklin County, Ohio",3629190000,218800326
0500000US39055,39055,"Geauga County, Ohio",28579000,18604434
0500000US39057,39057,"Greene County, Ohio",150883000,33674318
0500000US39061,39061,"Hamilton County, Ohio",3314448400,224743560
0500000US39063,39063,"Hancock County, Ohio",22452800,11503762
0500000US39081,39081,"Jefferson County, Ohio",49114500,14939828
0500000US39085,39085,"Lake County, Ohio",118146400,36628897
0500000US39089,39089,"Licking County, Ohio",111110200,26613761
0500000US39093,39093,"Lorain County, Ohio",351846000,34911427
0500000US39095,39095,"Lucas County, Ohio",1115066100,106822297
0500000US39099,39099,"Mahoning County, Ohio",450877700,46313296
0500000US39101,39101,"Marion County, Ohio",35162000,27661087
0500000US39103,39103,"Medina County, Ohio",40744900,12492955
0500000US39109,39109,"Miami County, Ohio",31045200,14156444
0500000US39113,39113,"Montgomery County, Ohio",1847510200,108577880
0500000US39119,39119,"Muskingum County, Ohio",45015300,38226760
0500000US39133,39133,"Portage County, Ohio",104504200,29812981
0500000US39139,39139,"Richland County, Ohio",142690300,28826343
0500000US39141,39141,"Ross County, Ohio",38566700,15831979
0500000US39145,39145,"Scioto County, Ohio",12613200,8120432
0500000US39151,39151,"Stark County, Ohio",435493900,55623677
0500000US39153,39153,"Summit County, Ohio",1127730000,84602867
0500000US39155,39155,"Trumbull County, Ohio",261575400,53521330
0500000US39165,39165,"Warren County, Ohio",129379500,53428908
0500000US39169,39169,"Wayne County, Ohio",37511600,20542896
0500000US39173,39173,"Wood County, Ohio",21196300,10173924
0500000US40017,40017,"Canadian County, Oklahoma",48708900,15411459
0500000US40027,40027,"Cleveland County, Oklahoma",160322100,34929123
0500000US40031,40031,"Comanche County, Oklahoma",325252700,73701474
0500000US40037,40037,"Creek County, Oklahoma",23356100,7667312
0500000US40101,40101,"Muskogee County, Oklahoma",112917500,22643183
0500000US40109,40109,"Oklahoma County, Oklahoma",1628032000,111537680
0500000US40119,40119,"Payne County, Oklahoma",48199300,26333079
0500000US40125,40125,"Pottawatomie County, Oklahoma",16134700,11989278
0500000US40131,40131,"Rogers County, Oklahoma",9940400,8178240
0500000US40143,40143,"Tulsa County, Oklahoma",846824500,76724990
0500000US40145,40145,"Wagoner County, Oklahoma",41755300,15466234
0500000US41003,41003,"Benton County, Oregon",9697900,5497116
0500000US41005,41005,"Clackamas County, Oregon",57685100,38483142
0500000US41029,41029,"Jackson County, Oregon",13896400,7622649
0500000US41039,41039,"Lane County, Oregon",44414500,14351274
0500000US41043,41043,"Linn County, Oregon",7519100,6510304
0500000US41047,41047,"Marion County, Oregon",46324000,16856621
0500000US41051,41051,"Multnomah County, Oregon",608464000,69998593
0500000US41053,41053,"Polk County, Oregon",6436800,4682767
0500000US41067,41067,"Washington County, Oregon",213917300,56756446
0500000US42001,42001,"Adams County, Pennsylvania",20251600,13227897
0500000US42003,42003,"Allegheny County, Pennsylvania",2559917100,177681895
0500000US42005,42005,"Armstrong County, Pennsylvania",12045200,6210890
0500000US42007,42007,"Beaver County, Pennsylvania",151777500,33503904
0500000US42011,42011,"Berks County, Pennsylvania",295756200,43977732
0500000US42013,42013,"Blair County, Pennsylvania",27585000,16914533
0500000US42017,42017,"Bucks County, Pennsylvania",532501200,103606653
0500000US42019,42019,"Butler County, Pennsylvania",28371600,18672766
0500000US42021,42021,"Cambria County, Pennsylvania",37260300,12861569
0500000US42027,42027,"Centre County, Pennsylvania",79331500,34064020
0500000US42029,42029,"Chester County, Pennsylvania",682092900,98871504
0500000US42039,42039,"Crawford County, Pennsylvania",16018100,5346008
0500000US42041,42041,"Cumberland County, Pennsylvania",156762200,37563189
0500000US42043,42043,"Dauphin County, Pennsylvania",719625700,53266700
0500000US42045,42045,"Delaware County, Pennsylvania",1697686500,88224574
0500000US42049,42049,"Erie County, Pennsylvania",151947900,25407595
0500000US42051,42051,"Fayette County, Pennsylvania",63152600,10476283
0500000US42055,42055,"Franklin County, Pennsylvania",61497600,23706897
0500000US42063,42063,"Indiana County, Pennsylvania",24154700,12636340
0500000US42069,42069,"Lackawanna County, Pennsylvania",53229500,20562394
0500000US42071,42071,"Lancaster County, Pennsylvania",251861600,41106028
0500000US42073,42073,"Lawrence County, Pennsylvania",44218800,14947849
0500000US42075,42075,"Lebanon County, Pennsylvania",28868100,12386348
0500000US42077,42077,"Lehigh County, Pennsylvania",264056200,43422027
0500000US42079,42079,"Luzerne County, Pennsylvania",89609500,29102536
0500000US42081,42081,"Lycoming County, Pennsylvania",58837400,24510655
0500000US42085,42085,"Mercer County, Pennsylvania",82577000,18787558
0500000US42089,42089,"Monroe County, Pennsylvania",504028900,123009626
0500000US42091,42091,"Montgomery County, Pennsylvania",1615016400,157271500
0500000US42095,42095,"Northampton County, Pennsylvania",211897300,37225448
0500000US42097,42097,"Northumberland County, Pennsylvania",26795000,15884415
0500000US42101,42101,"Philadelphia County, Pennsylvania",9882199300,347021993
0500000US42107,42107,"Schuylkill County, Pennsylvania",27814400,10819388
0500000US42111,42111,"Somerset County, Pennsylvania",7843800,2727587
0500000US42125,42125,"Washington County, Pennsylvania",107534000,21707843
0500000US42129,42129,"Westmoreland County, Pennsylvania",124881600,35192042
0500000US42133,42133,"York County, Pennsylvania",359767700,54888342
0500000US44003,44003,"Kent County, Rhode Island",68741700,26173294
0500000US44005,44005,"Newport County, Rhode Island",50648100,16885293
0500000US44007,44007,"Providence County, Rhode Island",848231600,125370334
0500000US44009,44009,"Washington County, Rhode Island",18705200,14102628
0500000US45003,45003,"Aiken County, South Carolina",631771900,87341735
0500000US45007,45007,"Anderson County, South Carolina",345312200,35843659
0500000US45013,45013,"Beaufort County, South Carolina",465129800,50870679
0500000US45015,45015,"Berkeley County, South Carolina",754743900,86186720
0500000US45019,45019,"Charleston County, South Carolina",1587285000,103427049
0500000US45031,45031,"Darlington County, South Carolina",384964300,56135385
0500000US45035,45035,"Dorchester County, South Carolina",524059800,66544869
0500000US45041,45041,"Florence County, South Carolina",697927800,55452177
0500000US45045,45045,"Greenville County, South Carolina",1250469500,147024811
0500000US45047,45047,"Greenwood County, South Carolina",330904500,53605900
0500000US45051,45051,"Horry County, South Carolina",561784800,122715767
0500000US45057,45057,"Lancaster County, South Carolina",207376200,38146110
0500000US45059,45059,"Laurens County, South Carolina",235709600,42978172
0500000US45063,45063,"Lexington County, South Carolina",570464400,57353019
0500000US45073,45073,"Oconee County, South Carolina",86463800,22573542
0500000US45075,45075,"Orangeburg County, South Carolina",694831200,58499531
0500000US45077,45077,"Pickens County, South Carolina",104630500,21272669
0500000US45079,45079,"Richland County, South Carolina",2973292100,166907807
0500000US45083,45083,"Spartanburg County, South Carolina",850040500,92165688
0500000US45085,45085,"Sumter County, South Carolina",683062300,109491628
0500000US45091,45091,"York County, South Carolina",664526800,81680415
0500000US46099,46099,"Minnehaha County, South Dakota",39759700,19386498
0500000US46103,46103,"Pennington County, South Dakota",20740800,5719267
0500000US47001,47001,"Anderson County, Tennessee",62251600,22683996
0500000US47009,47009,"Blount County, Tennessee",62200500,21660293
0500000US47011,47011,"Bradley County, Tennessee",47544200,18221187
0500000US47037,47037,"Davidson County, Tennessee",2990396300,203201039
0500000US47059,47059,"Greene County, Tennessee",14224600,9061306
0500000US47065,47065,"Hamilton County, Tennessee",1007115000,123153934
0500000US47093,47093,"Knox County, Tennessee",617362700,64764068
0500000US47113,47113,"Madison County, Tennessee",458213800,58458617
0500000US47119,47119,"Maury County, Tennessee",161795400,44134220
0500000US47125,47125,"Montgomery County, Tennessee",561560000,51993055
0500000US47141,47141,"Putnam County, Tennessee",27246200,13401245
0500000US47149,47149,"Rutherford County, Tennessee",460010100,54704689
0500000US47155,47155,"Sevier County, Tennessee",14489600,7682995
0500000US47157,47157,"Shelby County, Tennessee",7204716100,223468687
0500000US47163,47163,"Sullivan County, Tennessee",53202000,15709777
0500000US47165,47165,"Sumner County, Tennessee",239284100,63651520
0500000US47179,47179,"Washington County, Tennessee",52860000,24034281
0500000US47187,47187,"Williamson County, Tennessee",193789700,34859367
0500000US47189,47189,"Wilson County, Tennessee",152424500,30086745
0500000US48005,48005,"Angelina County, Texas",147103800,28129729
0500000US48021,48021,"Bastrop County, Texas",103208900,38493746
0500000US48027,48027,"Bell County, Texas",1119430700,95481657
0500000US48029,48029,"Bexar County, Texas",2131153200,101796253
0500000US48037,48037,"Bowie County, Texas",341512700,69319699
0500000US48039,48039,"Brazoria County, Texas",728694300,110904579
0500000US48041,48041,"Brazos County, Texas",198865800,42483235
0500000US48061,48061,"Cameron County, Texas",32898100,21906577
0500000US48085,48085,"Collin County, Texas",1426406000,143810003
0500000US48091,48091,"Comal County, Texas",48625000,34314111
0500000US48099,48099,"Coryell County, Texas",206867900,51589391
0500000US48113,48113,"Dallas County, Texas",8679994600,263601537
0500000US48121,48121,"Denton County, Texas",1099282600,128636146
0500000US48135,48135,"Ector County, Texas",39892600,15687972
0500000US48139,48139,"Ellis County, Texas",251118600,128634346
0500000US48141,48141,"El Paso County, Texas",425199100,60459026
0500000US48157,48157,"Fort Bend County, Texas",2505305700,199373967
0500000US48167,48167,"Galveston County, Texas",643969700,69606135
0500000US48181,48181,"Grayson County, Texas",103731400,26402819
0500000US48183,48183,"Gregg County, Texas",305678100,45627866
0500000US48187,48187,"Guadalupe County, Texas",139397600,26151646
0500000US48201,48201,"Harris County, Texas",12783490100,528650825
0500000US48209,48209,"Hays County, Texas",55254200,20337866
0500000US48213,48213,"Henderson County, Texas",60702500,13052675
0500000US48215,48215,"Hidalgo County, Texas",32434000,18749335
0500000US48231,48231,"Hunt County, Texas",85390800,26495250
0500000US48245,48245,"Jefferson County, Texas",1120206500,67077241
0500000US48251,48251,"Johnson County, Texas",66650100,22507154
0500000US48257,48257,"Kaufman County, Texas",144283400,29950717
0500000US48291,48291,"Liberty County, Texas",151150500,36267606
0500000US48303,48303,"Lubbock County, Texas",176224400,34364469
0500000US48309,48309,"McLennan County, Texas",471399200,72326479
0500000US48329,48329,"Midland County, Texas",112573700,31672354
0500000US48339,48339,"Montgomery County, Texas",328194100,62804627
0500000US48355,48355,"Nueces County, Texas",201157100,39784285
0500000US48361,48361,"Orange County, Texas",115653100,24602777
0500000US48367,48367,"Parker County, Texas",34123000,18234360
0500000US48375,48375,"Potter County, Texas",155888100,31071911
0500000US48381,48381,"Randall County, Texas",43892600,19409884
0500000US48397,48397,"Rockwall County, Texas",84745500,22926414
0500000US48409,48409,"San Patricio County, Texas",32518500,23437293
0500000US48423,48423,"Smith County, Texas",542709800,105960938
0500000US48439,48439,"Tarrant County, Texas",4399280900,200596174
0500000US48441,48441,"Taylor County, Texas",126368700,28538525
0500000US48451,48451,"Tom Green County, Texas",80711600,45634081
0500000US48453,48453,"Travis County, Texas",1531247900,118892831
0500000US48469,48469,"Victoria County, Texas",86729700,35312437
0500000US48479,48479,"Webb County, Texas",4716400,3979451
0500000US48485,48485,"Wichita County, Texas",145393700,24059623
0500000US48491,48491,"Williamson County, Texas",434073300,55300576
0500000US49005,49005,"Cache County, Utah",8935700,8619094
0500000US49011,49011,"Davis County, Utah",60777800,40590100
0500000US49035,49035,"Salt Lake County, Utah",212102400,37513499
0500000US49049,49049,"Utah County, Utah",34814500,10556766
0500000US49057,49057,"Weber County, Utah",40623200,22295147
0500000US50007,50007,"Chittenden County, Vermont",31701600,13338237
0500000US51003,51003,"Albemarle County, Virginia",129623100,24086283
0500000US51013,51013,"Arlington County, Virginia",518500600,113892504
0500000US51015,51015,"Augusta County, Virginia",31790500,12763990
0500000US51019,51019,"Bedford County, Virginia",88479100,31077859
0500000US51041,51041,"Chesterfield County, Virginia",1569428700,91665718
0500000US51059,51059,"Fairfax County, Virginia",3070063200,205994759
0500000US51061,51061,"Fauquier County, Virginia",124285600,42923903
0500000US51069,51069,"Frederick County, Virginia",56806700,14953968
0500000US51085,51085,"Hanover County, Virginia",217594400,33555629
0500000US51087,51087,"Henrico County, Virginia",1745442200,94396993
0500000US51107,51107,"Loudoun County, Virginia",844638000,124854739
0500000US51121,51121,"Montgomery County, Virginia",101488600,47416271
0500000US51153,51153,"Prince William County, Virginia",2003809100,137476652
0500000US51161,51161,"Roanoke County, Virginia",120376200,43263596
0500000US51177,51177,"Spotsylvania County, Virginia",477515400,97093118
0500000US51179,51179,"Stafford County, Virginia",616929400,104462364
0500000US51510,51510,"Alexandria city, Virginia",876833300,137186546
0500000US51550,51550,"Chesapeake city, Virginia",1386227200,104762047
0500000US51650,51650,"Hampton city, Virginia",1316539500,83744323
0500000US51680,51680,"Lynchburg city, Virginia",249149200,37247651
0500000US51700,51700,"Newport News city, Virginia",1349152300,86786687
0500000US51710,51710,"Norfolk city, Virginia",1589747400,92986287
0500000US51740,51740,"Portsmouth city, Virginia",879670100,76766110
0500000US51760,51760,"Richmond city, Virginia",1494816100,101895091
0500000US51770,51770,"Roanoke city, Virginia",362737600,52290997
0500000US51800,51800,"Suffolk city, Virginia",686704600,64850711
0500000US51810,51810,"Virginia Beach city, Virginia",1850192200,138919868
0500000US53005,53005,"Benton County, Washington",14245900,10579055
0500000US53011,53011,"Clark County, Washington",123342200,27432660
0500000US53015,53015,"Cowlitz County, Washington",6838200,4972763
0500000US53021,53021,"Franklin County, Washington",43044800,19250302
0500000US53029,53029,"Island County, Washington",10388600,5865474
0500000US53033,53033,"King County, Washington",2219418700,155324443
0500000US53035,53035,"Kitsap County, Washington",93466200,24401231
0500000US53053,53053,"Pierce County, Washington",1056674600,78611034
0500000US53057,53057,"Skagit County, Washington",14008100,6224064
0500000US53061,53061,"Snohomish County, Washington",306695400,54952457
0500000US53063,53063,"Spokane County, Washington",108754100,23358623
0500000US53067,53067,"Thurston County, Washington",185974100,53230866
0500000US53073,53073,"Whatcom County, Washington",17664100,6744180
0500000US53077,53077,"Yakima County, Washington",27279300,10343522
0500000US54003,54003,"Berkeley County, West Virginia",131734800,36633167
0500000US54011,54011,"Cabell County, West Virginia",47482400,15187758
0500000US54033,54033,"Harrison County, West Virginia",13693800,12439662
0500000US54039,54039,"Kanawha County, West Virginia",243112100,46391409
0500000US54061,54061,"Monongalia County, West Virginia",43153500,15428648
0500000US54081,54081,"Raleigh County, West Virginia",102220600,23797366
0500000US55009,55009,"Brown County, Wisconsin",44977500,18585773
0500000US55025,55025,"Dane County, Wisconsin",322571000,56809624
0500000US55027,55027,"Dodge County, Wisconsin",4704200,3128064
0500000US55035,55035,"Eau Claire County, Wisconsin",2886700,2375881
0500000US55059,55059,"Kenosha County, Wisconsin",160506100,49972221
0500000US55063,55063,"La Crosse County, Wisconsin",4947300,3746335
0500000US55071,55071,"Manitowoc County, Wisconsin",10209600,7688552
0500000US55073,55073,"Marathon County, Wisconsin",3849400,2578595
0500000US55079,55079,"Milwaukee County, Wisconsin",3045515500,125619267
0500000US55089,55089,"Ozaukee County, Wisconsin",35363400,22330541
0500000US55101,55101,"Racine County, Wisconsin",285940600,43035200
0500000US55105,55105,"Rock County, Wisconsin",90480900,21171643
0500000US55109,55109,"St. Croix County, Wisconsin",6163500,3313931
0500000US55117,55117,"Sheboygan County, Wisconsin",15941900,15700507
0500000US55127,55127,"Walworth County, Wisconsin",14006800,8076673
0500000US55133,55133,"Waukesha County, Wisconsin",162977300,108977035
0500000US55139,55139,"Winnebago County, Wisconsin",16533200,12434514
0500000US56021,56021,"Laramie County, Wyoming",25886900,21197765
0500000US72005,72005,"Aguadilla Municipio, Puerto Rico",12212400,9253237
0500000US72013,72013,"Arecibo Municipio, Puerto Rico",22247700,12618707
0500000US72021,72021,"Bayam�n Municipio, Puerto Rico",181312900,30964660
0500000US72025,72025,"Caguas Municipio, Puerto Rico",92021600,22458862
0500000US72031,72031,"Carolina Municipio, Puerto Rico",311529800,94143927
0500000US72061,72061,"Guaynabo Municipio, Puerto Rico",98654800,28290645
0500000US72097,72097,"Mayag�ez Municipio, Puerto Rico",39725000,37312741
0500000US72113,72113,"Ponce Municipio, Puerto Rico",74986400,21646510
0500000US72127,72127,"San Juan Municipio, Puerto Rico",522478800,60171547
0500000US72135,72135,"Toa Alta Municipio, Puerto Rico",8420400,5584953
0500000US72137,72137,"Toa Baja Municipio, Puerto Rico",59404200,16360202
0500000US72139,72139,"Trujillo Alto Municipio, Puerto Rico",61588300,20793649
