GEO.id,Id
GEO.id2,Id2
GEO.display-label,Geography
HD01_VD01,Estimate; Total:
HD02_VD01,Margin of Error; Total:
HD01_VD02,Estimate; Male:
HD02_VD02,Margin of Error; Male:
HD01_VD03,Estimate; Male: - 16 to 20 years:
HD02_VD03,Margin of Error; Male: - 16 to 20 years:
HD01_VD04,Estimate; Male: - 16 to 20 years: - With an employment disability
HD02_VD04,Margin of Error; Male: - 16 to 20 years: - With an employment disability
HD01_VD05,Estimate; Male: - 16 to 20 years: - No employment disability
HD02_VD05,Margin of Error; Male: - 16 to 20 years: - No employment disability
HD01_VD06,Estimate; Male: - 21 to 64 years:
HD02_VD06,Margin of Error; Male: - 21 to 64 years:
HD01_VD07,Estimate; Male: - 21 to 64 years: - With an employment disability
HD02_VD07,Margin of Error; Male: - 21 to 64 years: - With an employment disability
HD01_VD08,Estimate; Male: - 21 to 64 years: - No employment disability
HD02_VD08,Margin of Error; Male: - 21 to 64 years: - No employment disability
HD01_VD09,Estimate; Female:
HD02_VD09,Margin of Error; Female:
HD01_VD10,Estimate; Female: - 16 to 20 years:
HD02_VD10,Margin of Error; Female: - 16 to 20 years:
HD01_VD11,Estimate; Female: - 16 to 20 years: - With an employment disability
HD02_VD11,Margin of Error; Female: - 16 to 20 years: - With an employment disability
HD01_VD12,Estimate; Female: - 16 to 20 years: - No employment disability
HD02_VD12,Margin of Error; Female: - 16 to 20 years: - No employment disability
HD01_VD13,Estimate; Female: - 21 to 64 years:
HD02_VD13,Margin of Error; Female: - 21 to 64 years:
HD01_VD14,Estimate; Female: - 21 to 64 years: - With an employment disability
HD02_VD14,Margin of Error; Female: - 21 to 64 years: - With an employment disability
HD01_VD15,Estimate; Female: - 21 to 64 years: - No employment disability
HD02_VD15,Margin of Error; Female: - 21 to 64 years: - No employment disability
