GEO.id,Id
GEO.id2,Id2
GEO.display-label,Geography
HD01_VD02,Estimate; Total:
HD02_VD02,Margin of Error; Total:
HD01_VD03,Estimate; Total: - Veteran:
HD02_VD03,Margin of Error; Total: - Veteran:
HD01_VD04,Estimate; Total: - Veteran: - Male
HD02_VD04,Margin of Error; Total: - Veteran: - Male
HD01_VD05,Estimate; Total: - Veteran: - Female
HD02_VD05,Margin of Error; Total: - Veteran: - Female
HD01_VD06,Estimate; Total: - Nonveteran:
HD02_VD06,Margin of Error; Total: - Nonveteran:
HD01_VD07,Estimate; Total: - Nonveteran: - Male
HD02_VD07,Margin of Error; Total: - Nonveteran: - Male
HD01_VD08,Estimate; Total: - Nonveteran: - Female
HD02_VD08,Margin of Error; Total: - Nonveteran: - Female
