GEO.id,Id
GEO.id2,Id2
GEO.display-label,Geography
HD01_VD01,Estimate; Aggregate value (dollars):
HD02_VD01,Margin of Error; Aggregate value (dollars):
HD01_VD02,"Estimate; Aggregate value (dollars): - 1, detached (dollars)"
HD02_VD02,"Margin of Error; Aggregate value (dollars): - 1, detached (dollars)"
HD01_VD03,"Estimate; Aggregate value (dollars): - 1, attached (dollars)"
HD02_VD03,"Margin of Error; Aggregate value (dollars): - 1, attached (dollars)"
HD01_VD04,Estimate; Aggregate value (dollars): - 2 (dollars)
HD02_VD04,Margin of Error; Aggregate value (dollars): - 2 (dollars)
HD01_VD05,Estimate; Aggregate value (dollars): - 3 or 4 (dollars)
HD02_VD05,Margin of Error; Aggregate value (dollars): - 3 or 4 (dollars)
HD01_VD06,Estimate; Aggregate value (dollars): - 5 or more (dollars)
HD02_VD06,Margin of Error; Aggregate value (dollars): - 5 or more (dollars)
HD01_VD07,Estimate; Aggregate value (dollars): - Mobile home (dollars)
HD02_VD07,Margin of Error; Aggregate value (dollars): - Mobile home (dollars)
HD01_VD08,"Estimate; Aggregate value (dollars): - Boat, RV, van, etc. (dollars)"
HD02_VD08,"Margin of Error; Aggregate value (dollars): - Boat, RV, van, etc. (dollars)"
