GEO.id,GEO.id2,GEO.display-label,HD01_VD02,HD02_VD02,HD01_VD03,HD02_VD03,HD01_VD04,HD02_VD04
Id,Id2,Geography,Estimate; Total:,Margin of Error; Total:,Estimate; Grandparent householder and/or spouse responsible for grandchildren under 18 years (dollars),Margin of Error; Grandparent householder and/or spouse responsible for grandchildren under 18 years (dollars),Estimate; Grandparent householder and/or spouse responsible for grandchildren under 18 years and no parent present (dollars),Margin of Error; Grandparent householder and/or spouse responsible for grandchildren under 18 years and no parent present (dollars)
0500000US01015,01015,"Calhoun County, Alabama",33314,8220,25960,5601,30870,25025
0500000US01051,01051,"Elmore County, Alabama",64195,9155,67065,42062,65072,27830
0500000US01055,01055,"Etowah County, Alabama",29080,14680,27703,17694,18626,10024
0500000US01069,01069,"Houston County, Alabama",31933,10617,29640,7116,18092,16133
0500000US01073,01073,"Jefferson County, Alabama",46091,7552,34563,10192,30047,14845
0500000US01077,01077,"Lauderdale County, Alabama",31693,18457,30855,8458,31384,13343
0500000US01081,01081,"Lee County, Alabama",62664,41838,75928,49896,100207,28193
0500000US01083,01083,"Limestone County, Alabama",45469,16351,45923,32551,125257,139041
0500000US01089,01089,"Madison County, Alabama",56902,26210,47556,22790,35929,16269
0500000US01095,01095,"Marshall County, Alabama",29447,32385,27730,25412,29600,21770
0500000US01097,01097,"Mobile County, Alabama",35341,10744,25412,3048,20360,7635
0500000US01101,01101,"Montgomery County, Alabama",44444,8682,39306,10912,38728,22275
0500000US01103,01103,"Morgan County, Alabama",37529,13036,34511,29542,33835,33080
0500000US01121,01121,"Talladega County, Alabama",37980,11674,29152,19857,16279,13068
0500000US01125,01125,"Tuscaloosa County, Alabama",41406,17953,50929,31824,27762,19075
0500000US01127,01127,"Walker County, Alabama",37470,19857,37037,13651,43198,25394
0500000US02020,02020,"Anchorage Municipality, Alaska",106029,49421,103086,71114,47179,22578
0500000US02090,02090,"Fairbanks North Star Borough, Alaska",42724,38974,28799,13753,-,**
0500000US04001,04001,"Apache County, Arizona",31124,11119,20805,20255,16858,7948
0500000US04003,04003,"Cochise County, Arizona",61996,30767,49504,26810,40329,29176
0500000US04013,04013,"Maricopa County, Arizona",57683,5901,49741,6649,31466,8491
0500000US04017,04017,"Navajo County, Arizona",38946,4098,52606,24081,38307,11202
0500000US04019,04019,"Pima County, Arizona",50532,7889,42919,6323,45989,6441
0500000US04025,04025,"Yavapai County, Arizona",71250,22605,54912,44879,52146,14419
0500000US05007,05007,"Benton County, Arkansas",39429,10685,36224,6269,26386,10556
0500000US05031,05031,"Craighead County, Arkansas",30822,23251,26507,4623,18899,8577
0500000US05119,05119,"Pulaski County, Arkansas",48473,8511,45497,14625,38608,8723
0500000US05125,05125,"Saline County, Arkansas",58697,6349,56976,6428,56023,29012
0500000US05131,05131,"Sebastian County, Arkansas",43433,32864,44067,24057,29914,30807
0500000US05143,05143,"Washington County, Arkansas",57875,45711,58355,71601,25901,10488
0500000US06001,06001,"Alameda County, California",60136,8698,53340,8478,25513,23661
0500000US06007,06007,"Butte County, California",44247,8509,44205,22807,25675,7417
0500000US06013,06013,"Contra Costa County, California",67942,8524,50883,19597,34184,31174
0500000US06017,06017,"El Dorado County, California",71639,29205,61361,55651,61222,66702
0500000US06019,06019,"Fresno County, California",50628,9045,49619,24020,23810,26160
0500000US06023,06023,"Humboldt County, California",38377,26334,37165,22558,21768,21382
0500000US06025,06025,"Imperial County, California",31341,13427,21263,8689,21462,9240
0500000US06029,06029,"Kern County, California",46223,5095,42940,8891,44776,14928
0500000US06033,06033,"Lake County, California",22234,32922,40524,28317,-,**
0500000US06037,06037,"Los Angeles County, California",55230,3010,49096,2581,30576,3960
0500000US06041,06041,"Marin County, California",100187,47014,94738,54543,50840,46479
0500000US06045,06045,"Mendocino County, California",41579,11306,39500,3962,37813,2676
0500000US06047,06047,"Merced County, California",42880,8871,43212,13344,41674,27593
0500000US06053,06053,"Monterey County, California",47944,12231,34135,9130,25402,15245
0500000US06059,06059,"Orange County, California",70810,4906,65832,4083,50791,9708
0500000US06061,06061,"Placer County, California",75600,18458,72315,20020,70093,25341
0500000US06065,06065,"Riverside County, California",61433,4104,54021,8310,47992,14474
0500000US06067,06067,"Sacramento County, California",59985,12003,47039,15782,28537,10057
0500000US06071,06071,"San Bernardino County, California",63382,7032,55873,9387,35912,8501
0500000US06073,06073,"San Diego County, California",64223,6199,54806,8452,35677,13377
0500000US06077,06077,"San Joaquin County, California",61369,5412,60103,10095,33866,11914
0500000US06079,06079,"San Luis Obispo County, California",45149,22436,36250,15175,40344,7625
0500000US06081,06081,"San Mateo County, California",78140,21760,47117,22470,76458,58776
0500000US06083,06083,"Santa Barbara County, California",72077,17532,70303,20952,65502,67033
0500000US06085,06085,"Santa Clara County, California",70258,8508,57494,6708,36827,20843
0500000US06095,06095,"Solano County, California",67560,14457,57600,21178,40104,41470
0500000US06097,06097,"Sonoma County, California",58811,11126,52039,10851,48292,22861
0500000US06099,06099,"Stanislaus County, California",56199,11174,47755,15965,33664,40396
0500000US06101,06101,"Sutter County, California",64406,9070,66607,14214,40718,41884
0500000US06107,06107,"Tulare County, California",55093,12832,46290,5938,43293,33039
0500000US06111,06111,"Ventura County, California",74192,16538,103262,25400,96982,87408
0500000US08005,08005,"Arapahoe County, Colorado",65613,8581,61303,29018,34790,17319
0500000US08013,08013,"Boulder County, Colorado",68962,27408,85538,52612,-,**
0500000US08031,08031,"Denver County, Colorado",40591,8138,38262,8564,23381,18410
0500000US08035,08035,"Douglas County, Colorado",123680,42196,101257,39359,71432,39217
0500000US08041,08041,"El Paso County, Colorado",73760,5740,74565,8817,69670,19403
0500000US08059,08059,"Jefferson County, Colorado",71448,16544,62692,40400,44760,20651
0500000US08069,08069,"Larimer County, Colorado",59716,16573,47255,18245,41083,17355
0500000US08077,08077,"Mesa County, Colorado",38333,9526,34519,12838,57579,52155
0500000US08101,08101,"Pueblo County, Colorado",47883,10873,35667,19314,27642,5987
0500000US08123,08123,"Weld County, Colorado",50259,11118,57500,40314,39977,15229
0500000US09003,09003,"Hartford County, Connecticut",68278,17676,45090,16025,22200,11028
0500000US09005,09005,"Litchfield County, Connecticut",70944,37380,63917,30813,51250,28826
0500000US09007,09007,"Middlesex County, Connecticut",60746,7302,86321,80878,-,**
0500000US09009,09009,"New Haven County, Connecticut",63138,8871,33358,34185,29775,27098
0500000US09011,09011,"New London County, Connecticut",35809,22996,34264,24718,28897,9613
0500000US09015,09015,"Windham County, Connecticut",54309,38074,51398,10301,52730,23337
0500000US10003,10003,"New Castle County, Delaware",62966,24630,45126,10751,34384,24266
0500000US10005,10005,"Sussex County, Delaware",44038,16090,34545,14469,33929,3980
0500000US11001,11001,"District of Columbia, District of Columbia",39706,13461,31279,8901,13780,14405
0500000US12001,12001,"Alachua County, Florida",26250,22299,37483,19469,36783,26443
0500000US12005,12005,"Bay County, Florida",27594,9674,28381,9110,19202,16371
0500000US12009,12009,"Brevard County, Florida",49532,11040,41298,17272,40373,16692
0500000US12011,12011,"Broward County, Florida",49518,6199,43116,14436,24424,5337
0500000US12015,12015,"Charlotte County, Florida",31558,31471,22585,20327,13866,6044
0500000US12017,12017,"Citrus County, Florida",47939,10995,48008,10239,42825,24048
0500000US12019,12019,"Clay County, Florida",63280,17350,70017,15763,63523,27221
0500000US12021,12021,"Collier County, Florida",54455,23349,50506,58433,21381,534
0500000US12023,12023,"Columbia County, Florida",50900,26347,77505,34690,79378,75414
0500000US12031,12031,"Duval County, Florida",48562,10771,41663,8468,26571,3514
0500000US12033,12033,"Escambia County, Florida",41875,15043,39094,19086,23413,17794
0500000US12035,12035,"Flagler County, Florida",36673,32700,30988,34265,45039,31213
0500000US12053,12053,"Hernando County, Florida",47862,6484,48404,41791,54590,28278
0500000US12055,12055,"Highlands County, Florida",24337,11019,24529,9207,24330,5288
0500000US12057,12057,"Hillsborough County, Florida",45675,8619,36956,5479,28650,6772
0500000US12061,12061,"Indian River County, Florida",21959,5053,21593,844,21827,6852
0500000US12069,12069,"Lake County, Florida",55545,8654,51105,24620,40035,17589
0500000US12071,12071,"Lee County, Florida",59407,14686,52800,30777,75644,53134
0500000US12073,12073,"Leon County, Florida",65913,27266,66746,26792,69915,95806
0500000US12085,12085,"Martin County, Florida",81164,10274,107450,12622,108264,100545
0500000US12086,12086,"Miami-Dade County, Florida",48870,4863,38666,7377,27228,7550
0500000US12089,12089,"Nassau County, Florida",37444,57684,57875,70525,31301,851
0500000US12091,12091,"Okaloosa County, Florida",67679,28923,73768,6424,73986,41077
0500000US12095,12095,"Orange County, Florida",45986,2398,42814,8249,29835,28553
0500000US12097,12097,"Osceola County, Florida",61250,23812,61520,20957,40110,14969
0500000US12099,12099,"Palm Beach County, Florida",51755,7610,46797,15573,36640,8737
0500000US12103,12103,"Pinellas County, Florida",46367,7499,37877,9943,42487,19222
0500000US12105,12105,"Polk County, Florida",50708,11565,48871,23798,26582,28821
0500000US12109,12109,"St. Johns County, Florida",52386,41994,74652,41643,46197,48908
0500000US12111,12111,"St. Lucie County, Florida",48877,15522,39446,22302,28003,25988
0500000US12115,12115,"Sarasota County, Florida",65352,29230,62688,49485,85265,57348
0500000US12117,12117,"Seminole County, Florida",75831,20882,75276,29238,68731,43182
0500000US12119,12119,"Sumter County, Florida",61480,33779,56716,31046,-,**
0500000US12127,12127,"Volusia County, Florida",45506,16132,40633,13701,30668,22212
0500000US13021,13021,"Bibb County, Georgia",18971,29711,16901,15904,12708,6143
0500000US13057,13057,"Cherokee County, Georgia",78904,49554,58087,20461,30911,4927
0500000US13059,13059,"Clarke County, Georgia",23498,8591,23498,8591,22079,2226
0500000US13073,13073,"Columbia County, Georgia",61943,36229,79041,49920,57500,16284
0500000US13077,13077,"Coweta County, Georgia",60198,41101,80433,35526,82080,107908
0500000US13089,13089,"DeKalb County, Georgia",42435,9014,40934,2869,25503,15934
0500000US13095,13095,"Dougherty County, Georgia",25167,16639,17118,13484,25433,20946
0500000US13097,13097,"Douglas County, Georgia",56692,15293,44172,12597,43801,11172
0500000US13115,13115,"Floyd County, Georgia",33145,20215,32641,12607,31211,2023
0500000US13117,13117,"Forsyth County, Georgia",96734,26877,103951,97495,-,**
0500000US13121,13121,"Fulton County, Georgia",40025,12453,37427,12079,23848,25053
0500000US13139,13139,"Hall County, Georgia",31265,21251,19007,8837,19002,23647
0500000US13151,13151,"Henry County, Georgia",82425,22175,74737,29352,64350,47545
0500000US13153,13153,"Houston County, Georgia",46098,12240,45576,10477,48343,37016
0500000US13185,13185,"Lowndes County, Georgia",20180,2522,18563,7156,12302,15810
0500000US13215,13215,"Muscogee County, Georgia",29855,11913,42932,22150,42512,46414
0500000US13217,13217,"Newton County, Georgia",38842,5154,37799,18797,16339,10181
0500000US13245,13245,"Richmond County, Georgia",36844,6893,35707,13085,18962,27766
0500000US13247,13247,"Rockdale County, Georgia",58676,28529,61027,40282,59779,2065
0500000US15001,15001,"Hawaii County, Hawaii",65079,10060,66349,13297,30462,39746
0500000US15003,15003,"Honolulu County, Hawaii",97864,10001,64514,24899,52700,9544
0500000US16001,16001,"Ada County, Idaho",70560,34986,70690,57794,103186,73351
0500000US16019,16019,"Bonneville County, Idaho",70996,2718,69354,20192,70857,22294
0500000US16027,16027,"Canyon County, Idaho",61741,15419,53902,26650,52306,21860
0500000US17001,17001,"Adams County, Illinois",67708,66505,34266,8305,37578,7343
0500000US17031,17031,"Cook County, Illinois",49769,3518,40574,2512,32889,7437
0500000US17043,17043,"DuPage County, Illinois",94218,14845,93354,31873,83321,41326
0500000US17089,17089,"Kane County, Illinois",56422,12372,49204,14375,53148,30301
0500000US17091,17091,"Kankakee County, Illinois",62600,47326,35204,42590,25664,7051
0500000US17093,17093,"Kendall County, Illinois",78011,17881,78334,22434,-,**
0500000US17097,17097,"Lake County, Illinois",68588,19506,51028,9215,40625,35628
0500000US17099,17099,"LaSalle County, Illinois",50769,15128,47551,28234,49796,48909
0500000US17113,17113,"McLean County, Illinois",60417,16082,60060,25530,60536,15043
0500000US17115,17115,"Macon County, Illinois",49355,27594,32250,18502,32017,2361
0500000US17119,17119,"Madison County, Illinois",58555,36631,50888,9767,50163,12211
0500000US17143,17143,"Peoria County, Illinois",40918,17132,30824,9976,29785,12481
0500000US17161,17161,"Rock Island County, Illinois",59500,25227,44598,38659,60991,30162
0500000US17163,17163,"St. Clair County, Illinois",32393,12620,30641,11422,30310,10242
0500000US17167,17167,"Sangamon County, Illinois",58296,22362,40524,15496,40208,21538
0500000US17179,17179,"Tazewell County, Illinois",51170,27032,43798,60664,32686,15446
0500000US17183,17183,"Vermilion County, Illinois",37995,17175,34911,23083,31392,34777
0500000US17197,17197,"Will County, Illinois",79644,16736,74867,22221,57032,27290
0500000US17201,17201,"Winnebago County, Illinois",55974,12917,61415,23263,46580,64569
0500000US18003,18003,"Allen County, Indiana",62339,18182,47488,13383,50188,66030
0500000US18019,18019,"Clark County, Indiana",51453,27316,49253,11426,47813,9386
0500000US18035,18035,"Delaware County, Indiana",46250,26386,29188,14696,29523,28237
0500000US18039,18039,"Elkhart County, Indiana",55544,21484,41438,14442,45545,36230
0500000US18059,18059,"Hancock County, Indiana",39702,17111,53750,23487,49535,23855
0500000US18063,18063,"Hendricks County, Indiana",102967,11962,103158,12219,126467,115560
0500000US18081,18081,"Johnson County, Indiana",54203,14134,53234,13463,39931,45270
0500000US18089,18089,"Lake County, Indiana",45948,10541,33655,12385,11028,4029
0500000US18095,18095,"Madison County, Indiana",62695,14900,56875,18563,62969,84876
0500000US18097,18097,"Marion County, Indiana",43239,3558,40074,7670,35365,14645
0500000US18105,18105,"Monroe County, Indiana",75786,48678,54737,50915,85428,44433
0500000US18109,18109,"Morgan County, Indiana",76176,84909,27848,16590,-,**
0500000US18127,18127,"Porter County, Indiana",90124,22388,52384,17031,-,**
0500000US18141,18141,"St. Joseph County, Indiana",49072,11492,42415,41334,58979,57598
0500000US18163,18163,"Vanderburgh County, Indiana",42360,9696,41852,10397,31024,13493
0500000US18167,18167,"Vigo County, Indiana",29957,12097,17417,20679,15285,4890
0500000US18177,18177,"Wayne County, Indiana",44517,53626,70275,53494,-,**
0500000US19013,19013,"Black Hawk County, Iowa",43367,15523,44482,26955,19120,23433
0500000US19153,19153,"Polk County, Iowa",48629,12865,32415,18403,30810,13530
0500000US19155,19155,"Pottawattamie County, Iowa",61582,30174,44779,40238,30625,20150
0500000US19163,19163,"Scott County, Iowa",43654,8161,43140,24494,49028,29554
0500000US19169,19169,"Story County, Iowa",75320,14240,69038,42905,-,**
0500000US19193,19193,"Woodbury County, Iowa",60000,20468,52925,27790,-,**
0500000US20045,20045,"Douglas County, Kansas",52399,21442,51547,8634,-,**
0500000US20091,20091,"Johnson County, Kansas",62229,23338,71953,38574,54412,39544
0500000US20103,20103,"Leavenworth County, Kansas",76111,40396,90625,16378,93867,40200
0500000US20173,20173,"Sedgwick County, Kansas",49648,4896,44769,10902,27069,3947
0500000US20177,20177,"Shawnee County, Kansas",47776,23977,45383,20354,47041,26335
0500000US21015,21015,"Boone County, Kentucky",75506,31770,62618,98713,17309,2119
0500000US21047,21047,"Christian County, Kentucky",20082,9992,18384,16986,14160,9112
0500000US21111,21111,"Jefferson County, Kentucky",48669,7326,35533,6352,36523,10897
0500000US21117,21117,"Kenton County, Kentucky",46790,41552,30950,36982,25767,3981
0500000US21151,21151,"Madison County, Kentucky",48891,19861,45183,10947,43426,21449
0500000US21195,21195,"Pike County, Kentucky",39666,14458,38436,2300,43302,16757
0500000US21227,21227,"Warren County, Kentucky",48750,28461,54664,72687,54395,30646
0500000US22005,22005,"Ascension Parish, Louisiana",31169,16759,19538,14187,39053,7986
0500000US22015,22015,"Bossier Parish, Louisiana",50486,10438,50602,17519,51250,12559
0500000US22017,22017,"Caddo Parish, Louisiana",40637,4987,41595,12085,23114,5097
0500000US22019,22019,"Calcasieu Parish, Louisiana",27377,12955,40788,27119,37835,17681
0500000US22033,22033,"East Baton Rouge Parish, Louisiana",46155,11087,45387,15057,25654,21094
0500000US22051,22051,"Jefferson Parish, Louisiana",48658,11569,46492,9479,60427,32094
0500000US22057,22057,"Lafourche Parish, Louisiana",55938,21884,49634,28278,29260,34973
0500000US22071,22071,"Orleans Parish, Louisiana",30281,11635,16472,15700,13579,9524
0500000US22073,22073,"Ouachita Parish, Louisiana",33869,17382,29731,12839,29213,17021
0500000US22079,22079,"Rapides Parish, Louisiana",36719,17807,37883,17782,26016,35453
0500000US22097,22097,"St. Landry Parish, Louisiana",29578,27776,28333,20335,20640,20137
0500000US22103,22103,"St. Tammany Parish, Louisiana",64707,16011,75067,17144,68023,55846
0500000US22105,22105,"Tangipahoa Parish, Louisiana",33771,18688,31834,20905,28566,36252
0500000US22109,22109,"Terrebonne Parish, Louisiana",42160,19651,42381,23704,40159,14548
0500000US23001,23001,"Androscoggin County, Maine",52180,6188,50306,18344,-,**
0500000US23005,23005,"Cumberland County, Maine",79854,19694,81607,13917,76553,15381
0500000US23011,23011,"Kennebec County, Maine",45706,12465,45132,6570,46382,23568
0500000US23031,23031,"York County, Maine",73310,13418,73798,1044,24917,33100
0500000US24003,24003,"Anne Arundel County, Maryland",94051,19878,58376,29667,32457,30803
0500000US24005,24005,"Baltimore County, Maryland",68775,14978,64219,21571,36740,42185
0500000US24021,24021,"Frederick County, Maryland",86667,19424,69057,22165,42429,69825
0500000US24025,24025,"Harford County, Maryland",55975,14539,55975,22537,62303,55501
0500000US24027,24027,"Howard County, Maryland",87774,48360,76531,36432,76952,57263
0500000US24031,24031,"Montgomery County, Maryland",77076,21327,66828,17777,54292,90671
0500000US24033,24033,"Prince George's County, Maryland",75347,6138,59979,10810,55727,10420
0500000US24043,24043,"Washington County, Maryland",73457,13682,73963,28659,47449,57489
0500000US24510,24510,"Baltimore city, Maryland",39014,7905,31534,7226,20310,6650
0500000US25003,25003,"Berkshire County, Massachusetts",60878,23588,60076,65957,27088,3433
0500000US25005,25005,"Bristol County, Massachusetts",56545,19954,47639,25380,19635,15826
0500000US25009,25009,"Essex County, Massachusetts",69556,16738,44029,12250,42513,27175
0500000US25011,25011,"Franklin County, Massachusetts",61304,8425,62127,14876,72125,33592
0500000US25013,25013,"Hampden County, Massachusetts",43664,6870,42710,9389,17388,15381
0500000US25015,25015,"Hampshire County, Massachusetts",78514,23883,88018,44559,75026,80469
0500000US25017,25017,"Middlesex County, Massachusetts",89265,12761,81274,20469,54531,66910
0500000US25021,25021,"Norfolk County, Massachusetts",63036,7734,58176,7828,63031,6531
0500000US25025,25025,"Suffolk County, Massachusetts",47042,4877,37574,28039,13768,1067
0500000US25027,25027,"Worcester County, Massachusetts",77316,10117,77730,25502,22807,17946
0500000US26005,26005,"Allegan County, Michigan",53583,20719,31406,29833,39398,20778
0500000US26021,26021,"Berrien County, Michigan",44492,18366,40129,12675,36402,11890
0500000US26025,26025,"Calhoun County, Michigan",35162,13804,33547,20285,16116,1140
0500000US26045,26045,"Eaton County, Michigan",60191,14150,45508,14210,46504,68837
0500000US26049,26049,"Genesee County, Michigan",44107,7762,42336,7991,42966,34034
0500000US26055,26055,"Grand Traverse County, Michigan",52673,19552,44203,16623,-,**
0500000US26065,26065,"Ingham County, Michigan",37317,7784,36793,10518,36176,23765
0500000US26075,26075,"Jackson County, Michigan",45183,12351,43662,22935,24757,22923
0500000US26081,26081,"Kent County, Michigan",50323,12148,37978,14340,29515,11155
0500000US26093,26093,"Livingston County, Michigan",92307,33594,101921,63651,65156,67225
0500000US26099,26099,"Macomb County, Michigan",71073,6095,54352,22834,52705,46560
0500000US26111,26111,"Midland County, Michigan",30288,25073,43242,25225,43203,26517
0500000US26115,26115,"Monroe County, Michigan",64297,7043,69114,45919,32737,9448
0500000US26121,26121,"Muskegon County, Michigan",46839,13140,49375,9115,51339,14266
0500000US26125,26125,"Oakland County, Michigan",68718,7978,53162,15729,46155,16627
0500000US26139,26139,"Ottawa County, Michigan",45786,25192,32015,24957,31885,16754
0500000US26145,26145,"Saginaw County, Michigan",46181,26998,47063,49230,19944,14103
0500000US26147,26147,"St. Clair County, Michigan",54256,7803,45815,36281,56163,60048
0500000US26155,26155,"Shiawassee County, Michigan",60540,9260,54469,26262,32943,10880
0500000US26159,26159,"Van Buren County, Michigan",67330,23044,61172,38979,76085,47892
0500000US26161,26161,"Washtenaw County, Michigan",51736,4935,50804,13638,28250,42724
0500000US26163,26163,"Wayne County, Michigan",39781,3693,36631,5295,27172,6249
0500000US27003,27003,"Anoka County, Minnesota",82892,16346,92323,20742,82614,93931
0500000US27019,27019,"Carver County, Minnesota",74030,18311,74142,17567,-,**
0500000US27037,27037,"Dakota County, Minnesota",87287,27750,75435,37366,81254,44265
0500000US27053,27053,"Hennepin County, Minnesota",57633,7845,55409,14698,47600,12092
0500000US27123,27123,"Ramsey County, Minnesota",55979,8365,65042,26299,37103,34209
0500000US27137,27137,"St. Louis County, Minnesota",45148,11715,45975,21490,45233,13535
0500000US27141,27141,"Sherburne County, Minnesota",64367,15244,64290,16189,-,**
0500000US27163,27163,"Washington County, Minnesota",73853,4059,73237,17152,75575,55883
0500000US28033,28033,"DeSoto County, Mississippi",27624,7859,24201,4147,23850,14096
0500000US28049,28049,"Hinds County, Mississippi",30875,8457,24905,8725,17658,4045
0500000US28059,28059,"Jackson County, Mississippi",52899,14200,41704,13272,34250,17030
0500000US28081,28081,"Lee County, Mississippi",32116,26301,30744,13461,29363,5928
0500000US28121,28121,"Rankin County, Mississippi",47509,6313,45750,27650,29883,38037
0500000US29019,29019,"Boone County, Missouri",46131,27130,45625,26852,-,**
0500000US29021,29021,"Buchanan County, Missouri",61250,28448,75290,20198,75114,34333
0500000US29031,29031,"Cape Girardeau County, Missouri",32766,17880,25714,17208,35769,12821
0500000US29037,29037,"Cass County, Missouri",61746,29844,67552,65853,"2,500-",***
0500000US29047,29047,"Clay County, Missouri",78902,23527,61569,49217,91494,49383
0500000US29051,29051,"Cole County, Missouri",29491,15828,28194,16646,19575,15248
0500000US29077,29077,"Greene County, Missouri",46163,3374,44294,10069,29899,31547
0500000US29095,29095,"Jackson County, Missouri",49925,7938,36735,12428,24588,14669
0500000US29099,29099,"Jefferson County, Missouri",63492,14594,56959,8851,56396,20653
0500000US29165,29165,"Platte County, Missouri",82028,43124,83412,40913,59649,37802
0500000US29183,29183,"St. Charles County, Missouri",63231,26307,54583,18128,64897,74835
0500000US29189,29189,"St. Louis County, Missouri",51368,9484,45286,10154,24709,8925
0500000US29510,29510,"St. Louis city, Missouri",26583,7763,24781,5379,20866,4584
0500000US30013,30013,"Cascade County, Montana",59399,13348,57602,15653,50496,45050
0500000US30029,30029,"Flathead County, Montana",41555,17671,67885,13386,100761,132371
0500000US30031,30031,"Gallatin County, Montana",81382,16283,87696,26628,-,**
0500000US30111,30111,"Yellowstone County, Montana",60170,9016,60609,11983,-,**
0500000US31055,31055,"Douglas County, Nebraska",46968,21591,36008,16793,53246,68990
0500000US31109,31109,"Lancaster County, Nebraska",61953,24194,61118,15527,61238,6945
0500000US31153,31153,"Sarpy County, Nebraska",40833,18183,55760,12551,52886,46060
0500000US32003,32003,"Clark County, Nevada",66659,7277,51129,15253,48142,20088
0500000US32031,32031,"Washoe County, Nevada",62500,33102,51617,15264,60129,42344
0500000US33005,33005,"Cheshire County, New Hampshire",6452,4642,-,**,-,**
0500000US33009,33009,"Grafton County, New Hampshire",64320,15462,72527,20618,63399,36457
0500000US33011,33011,"Hillsborough County, New Hampshire",80879,12592,78294,18089,-,**
0500000US33015,33015,"Rockingham County, New Hampshire",82185,17306,74504,54900,80338,42869
0500000US33017,33017,"Strafford County, New Hampshire",66160,1721,66237,12966,-,**
0500000US34001,34001,"Atlantic County, New Jersey",69289,19183,44218,11241,18471,30026
0500000US34005,34005,"Burlington County, New Jersey",73015,24078,54985,16763,14721,24999
0500000US34007,34007,"Camden County, New Jersey",58358,12529,35814,13116,20650,10398
0500000US34009,34009,"Cape May County, New Jersey",135022,85779,-,**,-,**
0500000US34011,34011,"Cumberland County, New Jersey",53848,20202,33920,6620,30268,38863
0500000US34013,34013,"Essex County, New Jersey",64262,11100,50514,20622,37288,12144
0500000US34015,34015,"Gloucester County, New Jersey",68536,19312,86437,40294,20669,9674
0500000US34017,34017,"Hudson County, New Jersey",56144,6127,37236,14564,27655,25088
0500000US34019,34019,"Hunterdon County, New Jersey",126350,38997,79616,61415,78718,85918
0500000US34021,34021,"Mercer County, New Jersey",43695,13283,24808,14120,22692,4631
0500000US34023,34023,"Middlesex County, New Jersey",80210,15024,56837,43549,31663,17914
0500000US34025,34025,"Monmouth County, New Jersey",77720,30785,67804,20737,29953,12501
0500000US34027,34027,"Morris County, New Jersey",92076,39483,69468,68811,56645,34698
0500000US34031,34031,"Passaic County, New Jersey",41009,4814,40204,18101,30173,27775
0500000US34033,34033,"Salem County, New Jersey",68534,17329,68996,40093,69256,44098
0500000US34035,34035,"Somerset County, New Jersey",80047,19130,66823,50044,65964,32591
0500000US34037,34037,"Sussex County, New Jersey",86016,62340,93127,14512,-,**
0500000US34039,34039,"Union County, New Jersey",74753,11628,75348,9322,61950,60711
0500000US34041,34041,"Warren County, New Jersey",71719,39142,72278,54386,48095,55198
0500000US35001,35001,"Bernalillo County, New Mexico",47688,15453,37389,8349,31465,8480
0500000US35013,35013,"Dona Ana County, New Mexico",60141,29791,63700,34859,-,**
0500000US35031,35031,"McKinley County, New Mexico",33389,13409,27128,9890,-,**
0500000US35043,35043,"Sandoval County, New Mexico",61435,7387,58158,35437,48375,18619
0500000US35045,35045,"San Juan County, New Mexico",46309,8249,47029,10174,46648,16302
0500000US35049,35049,"Santa Fe County, New Mexico",53779,15343,54250,21033,43018,34209
0500000US36001,36001,"Albany County, New York",56039,14095,55734,16013,61733,37727
0500000US36005,36005,"Bronx County, New York",28886,4518,25287,3233,14205,3591
0500000US36007,36007,"Broome County, New York",41718,9283,41278,6109,40625,7534
0500000US36009,36009,"Cattaraugus County, New York",37500,36563,42734,54775,26006,1230
0500000US36013,36013,"Chautauqua County, New York",31406,15322,30725,9335,30633,23686
0500000US36015,36015,"Chemung County, New York",50466,7621,48143,16991,26875,36078
0500000US36019,36019,"Clinton County, New York",76766,22459,77628,10709,-,**
0500000US36029,36029,"Erie County, New York",43493,8253,29633,13375,18771,11598
0500000US36047,36047,"Kings County, New York",46548,6986,35360,7583,17864,3889
0500000US36055,36055,"Monroe County, New York",39721,14372,37064,5063,27209,30120
0500000US36059,36059,"Nassau County, New York",92582,12640,70577,30070,25729,33470
0500000US36061,36061,"New York County, New York",31464,6675,25462,5848,14355,6686
0500000US36063,36063,"Niagara County, New York",68920,22781,38977,35905,74565,75139
0500000US36065,36065,"Oneida County, New York",51554,15413,38533,14715,33850,18747
0500000US36067,36067,"Onondaga County, New York",47287,13410,39760,16725,32076,11606
0500000US36071,36071,"Orange County, New York",57183,9276,51228,20657,-,**
0500000US36075,36075,"Oswego County, New York",53311,32195,31228,14942,32146,3896
0500000US36079,36079,"Putnam County, New York",75911,39170,51591,37144,-,**
0500000US36081,36081,"Queens County, New York",61573,4209,52945,7153,29272,19904
0500000US36083,36083,"Rensselaer County, New York",46081,14671,39600,11191,38429,2934
0500000US36085,36085,"Richmond County, New York",101434,48273,70850,28100,35813,1686
0500000US36087,36087,"Rockland County, New York",99195,39896,39504,25574,35139,9545
0500000US36089,36089,"St. Lawrence County, New York",53335,3853,53767,12354,53633,16861
0500000US36101,36101,"Steuben County, New York",76198,36505,96149,49091,63000,23298
0500000US36103,36103,"Suffolk County, New York",82669,10439,57806,25937,29675,14029
0500000US36105,36105,"Sullivan County, New York",51229,44954,50217,24141,-,**
0500000US36109,36109,"Tompkins County, New York",78617,7316,77700,19614,62875,20493
0500000US36113,36113,"Warren County, New York",39371,38754,"2,500-",***,"2,500-",***
0500000US36117,36117,"Wayne County, New York",69241,34970,"2,500-",***,"2,500-",***
0500000US36119,36119,"Westchester County, New York",68769,9508,49021,13202,30378,17522
0500000US37001,37001,"Alamance County, North Carolina",26789,24466,25623,11122,26989,15376
0500000US37019,37019,"Brunswick County, North Carolina",79929,19780,81883,27387,47422,41799
0500000US37021,37021,"Buncombe County, North Carolina",39794,4221,42381,9975,49692,21802
0500000US37023,37023,"Burke County, North Carolina",37890,15855,38369,13991,38750,6210
0500000US37025,37025,"Cabarrus County, North Carolina",51357,10112,38500,13689,35773,9223
0500000US37035,37035,"Catawba County, North Carolina",47643,8390,43792,5551,36998,13087
0500000US37045,37045,"Cleveland County, North Carolina",42528,17940,41434,17260,28685,21487
0500000US37049,37049,"Craven County, North Carolina",57387,36509,57479,32569,57113,46597
0500000US37051,37051,"Cumberland County, North Carolina",37068,7054,36141,6572,36153,17682
0500000US37067,37067,"Forsyth County, North Carolina",41800,16932,35269,15130,24029,23681
0500000US37071,37071,"Gaston County, North Carolina",49421,5475,46250,12683,43375,11406
0500000US37081,37081,"Guilford County, North Carolina",45172,9650,42273,18453,51879,9371
0500000US37085,37085,"Harnett County, North Carolina",41525,13336,50625,16788,40875,55277
0500000US37097,37097,"Iredell County, North Carolina",41370,33405,23972,14414,24083,9224
0500000US37101,37101,"Johnston County, North Carolina",48953,13143,48931,12110,34423,45577
0500000US37119,37119,"Mecklenburg County, North Carolina",40539,5121,40120,13187,17961,2551
0500000US37125,37125,"Moore County, North Carolina",81462,81795,48182,30248,-,**
0500000US37129,37129,"New Hanover County, North Carolina",31878,12723,20203,18239,17091,7815
0500000US37135,37135,"Orange County, North Carolina",83673,60262,92046,93162,94392,9036
0500000US37151,37151,"Randolph County, North Carolina",56520,30807,38873,13952,34948,15886
0500000US37155,37155,"Robeson County, North Carolina",23354,5204,22894,10145,12482,13301
0500000US37157,37157,"Rockingham County, North Carolina",45300,11593,32070,12778,15707,10635
0500000US37159,37159,"Rowan County, North Carolina",37876,6562,35848,9857,29659,38392
0500000US37171,37171,"Surry County, North Carolina",29632,17491,28835,11782,22203,18896
0500000US37179,37179,"Union County, North Carolina",50000,12333,47261,13730,41648,41876
0500000US37183,37183,"Wake County, North Carolina",56058,11716,44813,16387,17422,27187
0500000US37191,37191,"Wayne County, North Carolina",42078,14879,48889,27091,36875,46244
0500000US37195,37195,"Wilson County, North Carolina",35860,12939,42750,28976,34942,42459
0500000US38017,38017,"Cass County, North Dakota",57029,14760,60977,5798,70700,23156
0500000US38035,38035,"Grand Forks County, North Dakota",31029,42741,30901,19574,30680,25742
0500000US39003,39003,"Allen County, Ohio",20994,14728,20369,10668,21322,8525
0500000US39017,39017,"Butler County, Ohio",45197,11072,42057,10630,40732,8067
0500000US39023,39023,"Clark County, Ohio",59790,35965,70745,34116,71587,49242
0500000US39025,39025,"Clermont County, Ohio",57970,12205,59424,19390,26553,25054
0500000US39029,39029,"Columbiana County, Ohio",38905,9568,45326,31992,18636,10292
0500000US39035,39035,"Cuyahoga County, Ohio",40096,5900,30076,7581,25144,10831
0500000US39043,39043,"Erie County, Ohio",65917,59361,67389,69568,66889,63529
0500000US39045,39045,"Fairfield County, Ohio",47232,28571,31830,14539,36250,53741
0500000US39049,39049,"Franklin County, Ohio",42526,9147,38172,4701,33849,6833
0500000US39061,39061,"Hamilton County, Ohio",40008,5165,33991,3820,24202,9415
0500000US39089,39089,"Licking County, Ohio",41524,13470,50208,28700,41409,14224
0500000US39093,39093,"Lorain County, Ohio",45854,12679,34046,19204,41705,26572
0500000US39095,39095,"Lucas County, Ohio",47021,9685,45740,14932,16715,13272
0500000US39099,39099,"Mahoning County, Ohio",36439,8329,34086,7191,34057,13822
0500000US39101,39101,"Marion County, Ohio",33950,3563,34638,4981,35250,21330
0500000US39103,39103,"Medina County, Ohio",81241,14591,80476,14480,-,**
0500000US39109,39109,"Miami County, Ohio",48804,25844,41778,37790,32293,35152
0500000US39113,39113,"Montgomery County, Ohio",48733,9903,45625,13218,40549,14453
0500000US39139,39139,"Richland County, Ohio",32658,14745,31015,13317,27794,20321
0500000US39151,39151,"Stark County, Ohio",44011,31831,55475,20718,63065,35775
0500000US39153,39153,"Summit County, Ohio",50309,8556,38796,8447,21512,29582
0500000US39155,39155,"Trumbull County, Ohio",34885,21357,33125,4218,32260,9458
0500000US39165,39165,"Warren County, Ohio",63235,14720,56776,16004,45972,33057
0500000US39169,39169,"Wayne County, Ohio",73114,26481,50318,64494,11486,762
0500000US39173,39173,"Wood County, Ohio",71304,14805,72296,16187,72313,57524
0500000US40027,40027,"Cleveland County, Oklahoma",80405,23756,62608,7804,61792,28253
0500000US40031,40031,"Comanche County, Oklahoma",55815,25978,55245,37689,70102,68485
0500000US40101,40101,"Muskogee County, Oklahoma",28145,58379,25316,5306,20916,3357
0500000US40109,40109,"Oklahoma County, Oklahoma",48623,9989,40251,6835,25610,7555
0500000US40119,40119,"Payne County, Oklahoma",53023,10535,52535,23941,33101,15377
0500000US40143,40143,"Tulsa County, Oklahoma",47975,8606,37447,20268,29890,12121
0500000US41003,41003,"Benton County, Oregon",121356,74177,-,**,-,**
0500000US41005,41005,"Clackamas County, Oregon",53533,23241,46409,34971,31298,15356
0500000US41019,41019,"Douglas County, Oregon",38854,27559,53216,6584,53079,19110
0500000US41029,41029,"Jackson County, Oregon",52850,5294,47294,13493,81750,28858
0500000US41033,41033,"Josephine County, Oregon",62625,32356,65038,37009,73731,14207
0500000US41035,41035,"Klamath County, Oregon",36604,8579,40305,20722,22295,29862
0500000US41039,41039,"Lane County, Oregon",37048,8563,33309,11959,24183,9382
0500000US41047,41047,"Marion County, Oregon",65871,15259,57960,18432,54318,29865
0500000US41051,41051,"Multnomah County, Oregon",48613,6708,45284,14859,39387,25552
0500000US41053,41053,"Polk County, Oregon",61510,4460,61218,910,-,**
0500000US41059,41059,"Umatilla County, Oregon",28425,70533,80397,307,-,**
0500000US41067,41067,"Washington County, Oregon",66960,21265,66063,31838,85860,20173
0500000US41071,41071,"Yamhill County, Oregon",55028,32214,48963,14560,47096,24544
0500000US42003,42003,"Allegheny County, Pennsylvania",43923,13406,36580,3517,30038,14667
0500000US42005,42005,"Armstrong County, Pennsylvania",32054,26398,23597,1645,22174,25156
0500000US42011,42011,"Berks County, Pennsylvania",51410,13276,43449,12720,36758,33822
0500000US42013,42013,"Blair County, Pennsylvania",41254,6845,40789,21051,16675,6386
0500000US42017,42017,"Bucks County, Pennsylvania",77307,12499,74722,16125,80145,25957
0500000US42019,42019,"Butler County, Pennsylvania",51875,56913,37917,45605,13198,6591
0500000US42021,42021,"Cambria County, Pennsylvania",65083,22970,47411,35329,69389,19544
0500000US42029,42029,"Chester County, Pennsylvania",66062,24480,60168,22864,61178,42347
0500000US42033,42033,"Clearfield County, Pennsylvania",28676,18609,24134,8769,20148,23499
0500000US42041,42041,"Cumberland County, Pennsylvania",70657,34201,49239,33792,35729,46952
0500000US42043,42043,"Dauphin County, Pennsylvania",57455,24901,50980,6509,51208,43091
0500000US42045,42045,"Delaware County, Pennsylvania",57118,15310,51781,15649,32159,19874
0500000US42049,42049,"Erie County, Pennsylvania",54891,10734,60038,21394,52741,30012
0500000US42051,42051,"Fayette County, Pennsylvania",36875,3962,35313,18575,18913,13980
0500000US42055,42055,"Franklin County, Pennsylvania",85217,22016,-,**,-,**
0500000US42063,42063,"Indiana County, Pennsylvania",33415,13399,28605,22309,23519,16099
0500000US42069,42069,"Lackawanna County, Pennsylvania",36287,12395,32646,27234,18736,13137
0500000US42071,42071,"Lancaster County, Pennsylvania",54231,27087,52616,23423,27931,4723
0500000US42073,42073,"Lawrence County, Pennsylvania",43716,14971,43862,11325,41607,39650
0500000US42075,42075,"Lebanon County, Pennsylvania",62752,16472,51644,23833,46850,12276
0500000US42077,42077,"Lehigh County, Pennsylvania",55833,17922,38648,24575,31673,17684
0500000US42079,42079,"Luzerne County, Pennsylvania",58603,13357,62255,28040,72514,30714
0500000US42081,42081,"Lycoming County, Pennsylvania",51275,23912,51100,25221,35697,27606
0500000US42085,42085,"Mercer County, Pennsylvania",45587,21341,37078,19023,23077,24352
0500000US42091,42091,"Montgomery County, Pennsylvania",67964,7241,71304,28782,71889,37824
0500000US42097,42097,"Northumberland County, Pennsylvania",49940,13449,47980,50180,48210,37486
0500000US42101,42101,"Philadelphia County, Pennsylvania",37188,4133,33202,4115,19853,8827
0500000US42111,42111,"Somerset County, Pennsylvania",43433,4114,38342,9866,30625,37521
0500000US42125,42125,"Washington County, Pennsylvania",52168,23882,26728,12616,25283,24753
0500000US42129,42129,"Westmoreland County, Pennsylvania",42684,12605,35065,7300,34925,26426
0500000US42133,42133,"York County, Pennsylvania",51038,24949,36641,5212,29889,18819
0500000US44005,44005,"Newport County, Rhode Island",66581,12710,64776,23122,63387,52555
0500000US44007,44007,"Providence County, Rhode Island",40006,10954,34102,9751,24839,13408
0500000US44009,44009,"Washington County, Rhode Island",57489,84497,56326,15050,56513,21338
0500000US45003,45003,"Aiken County, South Carolina",51092,1866,50905,7543,32602,32586
0500000US45007,45007,"Anderson County, South Carolina",46802,15565,39707,17492,33781,30592
0500000US45015,45015,"Berkeley County, South Carolina",58878,24675,69030,24190,70282,46616
0500000US45019,45019,"Charleston County, South Carolina",33271,3555,34028,4979,27874,15255
0500000US45031,45031,"Darlington County, South Carolina",50543,8566,50177,6897,49082,23485
0500000US45035,45035,"Dorchester County, South Carolina",64636,36962,80404,32131,59151,45241
0500000US45041,45041,"Florence County, South Carolina",25026,18237,31534,15339,17823,7577
0500000US45045,45045,"Greenville County, South Carolina",47160,4676,48470,4657,26576,31366
0500000US45051,45051,"Horry County, South Carolina",39180,13958,35000,16907,33275,20944
0500000US45063,45063,"Lexington County, South Carolina",49567,10981,45272,24769,29020,10732
0500000US45075,45075,"Orangeburg County, South Carolina",26079,5764,26041,6185,22462,15059
0500000US45077,45077,"Pickens County, South Carolina",36635,12924,34087,13537,19080,21585
0500000US45079,45079,"Richland County, South Carolina",49620,21913,48505,18938,37455,12625
0500000US45083,45083,"Spartanburg County, South Carolina",51703,6312,50171,12050,47817,11746
0500000US45085,45085,"Sumter County, South Carolina",28117,20211,22034,12083,13330,12251
0500000US45091,45091,"York County, South Carolina",40353,10815,40088,16383,41191,35767
0500000US46099,46099,"Minnehaha County, South Dakota",50667,28279,41927,33047,73284,51411
0500000US46103,46103,"Pennington County, South Dakota",53935,38480,53054,57467,63722,48746
0500000US47001,47001,"Anderson County, Tennessee",26545,6482,26146,31359,13295,1662
0500000US47011,47011,"Bradley County, Tennessee",45132,21941,43736,25385,37431,8539
0500000US47037,47037,"Davidson County, Tennessee",34871,4418,33740,5077,32210,5268
0500000US47059,47059,"Greene County, Tennessee",44286,39156,43185,40931,25260,16555
0500000US47065,47065,"Hamilton County, Tennessee",47317,7557,44342,17937,36003,17193
0500000US47093,47093,"Knox County, Tennessee",57676,15216,49798,17766,47994,17929
0500000US47113,47113,"Madison County, Tennessee",30172,12193,26793,9917,55101,71390
0500000US47119,47119,"Maury County, Tennessee",77417,16465,100263,31771,50603,30610
0500000US47125,47125,"Montgomery County, Tennessee",48779,10773,58583,21684,39818,23543
0500000US47155,47155,"Sevier County, Tennessee",35156,38209,14769,6482,9778,4839
0500000US47157,47157,"Shelby County, Tennessee",34698,9764,32684,5472,20449,8837
0500000US47163,47163,"Sullivan County, Tennessee",45251,10207,45057,11773,38949,16154
0500000US47187,47187,"Williamson County, Tennessee",67152,12589,62117,4966,61181,51889
0500000US48005,48005,"Angelina County, Texas",62236,34467,64201,8004,60845,61362
0500000US48021,48021,"Bastrop County, Texas",54813,18777,45955,34674,23176,26187
0500000US48027,48027,"Bell County, Texas",54826,9481,55699,14818,42212,44531
0500000US48029,48029,"Bexar County, Texas",45847,4912,40144,7440,35025,9245
0500000US48037,48037,"Bowie County, Texas",46011,24586,36338,25196,45904,23493
0500000US48039,48039,"Brazoria County, Texas",56901,11316,60278,29169,37516,19496
0500000US48061,48061,"Cameron County, Texas",26499,5089,17201,10228,12077,5540
0500000US48085,48085,"Collin County, Texas",73227,12842,62746,23269,44650,23677
0500000US48091,48091,"Comal County, Texas",79903,35367,64028,10612,82560,58085
0500000US48099,48099,"Coryell County, Texas",44583,20867,60168,36977,31618,15938
0500000US48113,48113,"Dallas County, Texas",44930,2898,41831,3444,33053,3941
0500000US48121,48121,"Denton County, Texas",68826,16203,52472,26778,23833,11154
0500000US48135,48135,"Ector County, Texas",41256,11095,43531,19284,25229,30705
0500000US48139,48139,"Ellis County, Texas",53589,10410,46217,30701,30612,5427
0500000US48141,48141,"El Paso County, Texas",30480,4632,28384,4472,18797,2017
0500000US48187,48187,"Guadalupe County, Texas",56019,24509,44000,26883,55565,38328
0500000US48201,48201,"Harris County, Texas",44800,3912,42366,3275,26837,4010
0500000US48213,48213,"Henderson County, Texas",49875,30202,73750,73760,105506,22315
0500000US48215,48215,"Hidalgo County, Texas",34589,5418,28109,3580,13100,6065
0500000US48231,48231,"Hunt County, Texas",52424,15566,46689,20366,24107,35106
0500000US48245,48245,"Jefferson County, Texas",33705,11791,21479,13444,22313,24096
0500000US48257,48257,"Kaufman County, Texas",41764,15121,42297,16017,60741,39816
0500000US48291,48291,"Liberty County, Texas",37091,14687,32421,6339,33098,35249
0500000US48303,48303,"Lubbock County, Texas",56053,13497,47828,16101,33607,34840
0500000US48309,48309,"McLennan County, Texas",38933,8870,32144,9571,31799,10045
0500000US48329,48329,"Midland County, Texas",48229,21238,48429,14515,48559,82111
0500000US48339,48339,"Montgomery County, Texas",53294,27011,47269,27318,51096,26255
0500000US48355,48355,"Nueces County, Texas",32992,12982,37746,15892,26593,32349
0500000US48361,48361,"Orange County, Texas",48980,12676,49633,20060,26713,19588
0500000US48367,48367,"Parker County, Texas",54021,21628,49651,35492,53358,48772
0500000US48375,48375,"Potter County, Texas",58001,23299,52643,49423,32729,5564
0500000US48397,48397,"Rockwall County, Texas",138415,136741,138415,136741,-,**
0500000US48409,48409,"San Patricio County, Texas",44953,63881,43280,14873,69500,59384
0500000US48423,48423,"Smith County, Texas",31802,10958,26512,21602,19639,11147
0500000US48439,48439,"Tarrant County, Texas",54851,4246,52481,6540,42201,17268
0500000US48441,48441,"Taylor County, Texas",28441,21162,21385,14746,17167,6374
0500000US48451,48451,"Tom Green County, Texas",49757,26603,48698,32745,31654,20538
0500000US48453,48453,"Travis County, Texas",53931,16687,45028,19207,45772,17543
0500000US48469,48469,"Victoria County, Texas",38397,54155,33742,15061,33426,4611
0500000US48479,48479,"Webb County, Texas",44459,8553,43155,24228,31841,8107
0500000US48485,48485,"Wichita County, Texas",32132,18289,30284,10537,41213,19467
0500000US48491,48491,"Williamson County, Texas",53231,19057,33875,30890,28306,13571
0500000US49005,49005,"Cache County, Utah",53672,10447,45494,6593,42917,25025
0500000US49011,49011,"Davis County, Utah",105708,15713,100133,61157,78296,43894
0500000US49035,49035,"Salt Lake County, Utah",71409,9164,56773,26870,37734,20076
0500000US49049,49049,"Utah County, Utah",75046,13875,70625,27055,45773,31975
0500000US49053,49053,"Washington County, Utah",69146,114400,126844,101696,126237,83335
0500000US49057,49057,"Weber County, Utah",57035,12975,57382,16207,34890,44183
0500000US51003,51003,"Albemarle County, Virginia",59268,40392,74566,47530,-,**
0500000US51013,51013,"Arlington County, Virginia",123443,51793,99940,85092,-,**
0500000US51015,51015,"Augusta County, Virginia",57679,5978,55720,35765,59826,21999
0500000US51059,51059,"Fairfax County, Virginia",122524,19822,97961,15837,93690,87538
0500000US51069,51069,"Frederick County, Virginia",47186,54837,46745,29381,46100,922
0500000US51085,51085,"Hanover County, Virginia",52009,54768,-,**,-,**
0500000US51087,51087,"Henrico County, Virginia",60015,17472,47047,20847,35020,32159
0500000US51107,51107,"Loudoun County, Virginia",145059,22881,-,**,-,**
0500000US51121,51121,"Montgomery County, Virginia",75271,3873,75123,5853,-,**
0500000US51153,51153,"Prince William County, Virginia",81534,8737,71250,14783,58365,29788
0500000US51161,51161,"Roanoke County, Virginia",51256,22419,50320,19590,37213,29260
0500000US51165,51165,"Rockingham County, Virginia",51823,42123,70074,66576,34824,30881
0500000US51177,51177,"Spotsylvania County, Virginia",105471,91994,57621,61780,54455,5869
0500000US51179,51179,"Stafford County, Virginia",109947,39514,131233,52694,185658,48362
0500000US51510,51510,"Alexandria city, Virginia",31442,33944,23264,2448,22806,5569
0500000US51550,51550,"Chesapeake city, Virginia",73668,9755,73264,7187,77201,42692
0500000US51650,51650,"Hampton city, Virginia",56397,10534,55974,21752,45584,36304
0500000US51680,51680,"Lynchburg city, Virginia",31260,9601,31266,11553,32072,17559
0500000US51710,51710,"Norfolk city, Virginia",43168,22629,41310,19188,31612,14335
0500000US51740,51740,"Portsmouth city, Virginia",41659,21863,39635,21978,15673,15038
0500000US51760,51760,"Richmond city, Virginia",38441,9377,24131,16112,24604,16498
0500000US51770,51770,"Roanoke city, Virginia",36078,14218,28767,14871,36010,50048
0500000US51800,51800,"Suffolk city, Virginia",55000,30145,40806,29319,38893,36933
0500000US51810,51810,"Virginia Beach city, Virginia",68854,16252,52736,15445,27073,37334
0500000US53005,53005,"Benton County, Washington",50087,27625,34550,32370,33372,11703
0500000US53007,53007,"Chelan County, Washington",41224,3398,41902,23562,41609,28034
0500000US53009,53009,"Clallam County, Washington",41250,50614,57554,40858,-,**
0500000US53011,53011,"Clark County, Washington",55790,4409,57121,15115,52957,25355
0500000US53021,53021,"Franklin County, Washington",65778,6479,81377,27554,-,**
0500000US53025,53025,"Grant County, Washington",50810,10803,44972,36707,58209,18033
0500000US53027,53027,"Grays Harbor County, Washington",48467,2168,41686,9781,45477,48024
0500000US53029,53029,"Island County, Washington",68656,29374,41839,42751,40375,39415
0500000US53033,53033,"King County, Washington",59234,8528,54767,18287,31979,32947
0500000US53035,53035,"Kitsap County, Washington",56955,21277,37857,40015,33982,7880
0500000US53041,53041,"Lewis County, Washington",53153,17002,52594,33543,-,**
0500000US53053,53053,"Pierce County, Washington",63619,7943,58236,19272,53862,13986
0500000US53057,53057,"Skagit County, Washington",37917,33008,30375,27887,40714,39664
0500000US53061,53061,"Snohomish County, Washington",81552,18041,70845,46018,34290,39690
0500000US53063,53063,"Spokane County, Washington",53668,7320,44722,23632,26490,9536
0500000US53067,53067,"Thurston County, Washington",51462,15231,35543,18535,44281,20389
0500000US53073,53073,"Whatcom County, Washington",70551,14708,70578,31641,71735,67330
0500000US53077,53077,"Yakima County, Washington",42007,13122,35742,16219,62823,27192
0500000US54003,54003,"Berkeley County, West Virginia",61185,5321,59185,20109,70732,53507
0500000US54011,54011,"Cabell County, West Virginia",47551,7348,36250,14570,44907,71207
0500000US54033,54033,"Harrison County, West Virginia",28906,41140,24288,10078,"2,500-",***
0500000US54039,54039,"Kanawha County, West Virginia",40101,6007,37556,8849,32725,8094
0500000US54081,54081,"Raleigh County, West Virginia",35505,10997,33006,19292,48677,8629
0500000US54107,54107,"Wood County, West Virginia",36284,1299,35859,6605,35590,44653
0500000US55009,55009,"Brown County, Wisconsin",49544,31220,37214,19113,27852,8237
0500000US55025,55025,"Dane County, Wisconsin",66016,41305,49375,20602,50430,14568
0500000US55027,55027,"Dodge County, Wisconsin",55989,10075,66458,67365,46250,30099
0500000US55035,55035,"Eau Claire County, Wisconsin",70391,98276,-,**,-,**
0500000US55055,55055,"Jefferson County, Wisconsin",67843,20209,68696,51954,-,**
0500000US55063,55063,"La Crosse County, Wisconsin",43176,66837,-,**,-,**
0500000US55079,55079,"Milwaukee County, Wisconsin",35483,6187,25705,4072,21943,8799
0500000US55087,55087,"Outagamie County, Wisconsin",92420,20416,93882,84060,-,**
0500000US55089,55089,"Ozaukee County, Wisconsin",68136,38846,75348,5726,-,**
0500000US55097,55097,"Portage County, Wisconsin",70428,43656,46970,32684,-,**
0500000US55101,55101,"Racine County, Wisconsin",58192,33475,83250,11681,59596,62866
0500000US55109,55109,"St. Croix County, Wisconsin",125387,38586,125755,63141,57083,41892
0500000US55117,55117,"Sheboygan County, Wisconsin",32411,28670,31420,11831,30509,18139
0500000US55131,55131,"Washington County, Wisconsin",32150,12606,38090,10605,31980,13989
0500000US55133,55133,"Waukesha County, Wisconsin",81669,30082,91538,60528,62708,65238
0500000US55139,55139,"Winnebago County, Wisconsin",57430,23579,"200,000+",***,"200,000+",***
0500000US56021,56021,"Laramie County, Wyoming",57191,34040,48877,12721,48898,11189
0500000US56025,56025,"Natrona County, Wyoming",59402,47593,59103,40420,34549,36757
0500000US72021,72021,"Bayamn Municipio, Puerto Rico",33300,5709,32611,12387,19271,13691
0500000US72025,72025,"Caguas Municipio, Puerto Rico",23296,2478,22360,3414,24141,8111
0500000US72031,72031,"Carolina Municipio, Puerto Rico",23664,3553,25423,9148,21905,3725
0500000US72061,72061,"Guaynabo Municipio, Puerto Rico",19926,7948,15345,2400,12563,20843
0500000US72113,72113,"Ponce Municipio, Puerto Rico",17292,4963,12450,3909,12765,15603
0500000US72127,72127,"San Juan Municipio, Puerto Rico",26602,4922,22644,5244,15413,3825
0500000US72137,72137,"Toa Baja Municipio, Puerto Rico",29979,7872,26250,33207,30574,13193
