GEO.id,GEO.id2,GEO.display-label,HD01_VD01,HD02_VD01,HD01_VD02,HD02_VD02,HD01_VD03,HD02_VD03
Id,Id2,Geography,Estimate; Total:,Margin of Error; Total:,Estimate; With earnings,Margin of Error; With earnings,Estimate; No earnings,Margin of Error; No earnings
0500000US01003,01003,"Baldwin County, Alabama",68926,2888,52803,2845,16123,1340
0500000US01015,01015,"Calhoun County, Alabama",46640,1757,34880,1759,11760,1102
0500000US01043,01043,"Cullman County, Alabama",30714,1387,23381,1624,7333,1069
0500000US01049,01049,"DeKalb County, Alabama",24481,2183,17276,1592,7205,1444
0500000US01051,01051,"Elmore County, Alabama",25360,1561,20644,1549,4716,691
0500000US01055,01055,"Etowah County, Alabama",41829,1574,29467,1715,12362,1426
0500000US01069,01069,"Houston County, Alabama",36881,1052,28322,1069,8559,670
0500000US01073,01073,"Jefferson County, Alabama",264249,4103,206467,4454,57782,2988
0500000US01077,01077,"Lauderdale County, Alabama",37113,1435,26147,1649,10966,1339
0500000US01081,01081,"Lee County, Alabama",55986,1846,46883,2045,9103,961
0500000US01083,01083,"Limestone County, Alabama",25984,969,19971,1169,6013,1057
0500000US01089,01089,"Madison County, Alabama",127342,3111,104439,3443,22903,1938
0500000US01095,01095,"Marshall County, Alabama",32519,1478,24335,1727,8184,1106
0500000US01097,01097,"Mobile County, Alabama",160153,2968,123910,3327,36243,2125
0500000US01101,01101,"Montgomery County, Alabama",89106,2777,69474,2735,19632,1594
0500000US01103,01103,"Morgan County, Alabama",45520,1275,35390,1705,10130,1312
0500000US01115,01115,"St. Clair County, Alabama",27129,1656,21275,1737,5854,1231
0500000US01117,01117,"Shelby County, Alabama",69685,1664,61505,1735,8180,1012
0500000US01121,01121,"Talladega County, Alabama",30635,1637,21482,1832,9153,1266
0500000US01125,01125,"Tuscaloosa County, Alabama",68047,2656,51878,2550,16169,1571
0500000US01127,01127,"Walker County, Alabama",28248,1355,18778,1364,9470,1096
0500000US02020,02020,"Anchorage Municipality, Alaska",104675,1726,95873,2065,8802,1159
0500000US02090,02090,"Fairbanks North Star Borough, Alaska",32559,1395,29638,1521,2921,862
0500000US02170,02170,"Matanuska-Susitna Borough, Alaska",21451,738,19049,812,2402,497
0500000US04001,04001,"Apache County, Arizona",17062,1683,10369,1403,6693,915
0500000US04003,04003,"Cochise County, Arizona",47692,2438,34086,2509,13606,1129
0500000US04005,04005,"Coconino County, Arizona",46500,1877,38668,2269,7832,1151
0500000US04013,04013,"Maricopa County, Arizona",1344597,8226,1097714,9149,246883,5588
0500000US04015,04015,"Mohave County, Arizona",73884,2854,48971,2526,24913,1977
0500000US04017,04017,"Navajo County, Arizona",36400,2066,27010,2165,9390,1089
0500000US04019,04019,"Pima County, Arizona",376725,4877,290389,4899,86336,2877
0500000US04021,04021,"Pinal County, Arizona",117102,3386,90067,3411,27035,1698
0500000US04025,04025,"Yavapai County, Arizona",88550,2642,61513,2855,27037,1805
0500000US04027,04027,"Yuma County, Arizona",69370,2512,48058,2630,21312,1758
0500000US05007,05007,"Benton County, Arkansas",75838,2309,61252,2294,14586,1541
0500000US05031,05031,"Craighead County, Arkansas",35746,1316,27752,1578,7994,1119
0500000US05045,05045,"Faulkner County, Arkansas",40636,1329,33264,1576,7372,1077
0500000US05051,05051,"Garland County, Arkansas",38289,2429,25885,2034,12404,1288
0500000US05069,05069,"Jefferson County, Arkansas",29214,1514,22269,1511,6945,979
0500000US05085,05085,"Lonoke County, Arkansas",24192,884,20340,926,3852,1035
0500000US05119,05119,"Pulaski County, Arkansas",158610,3062,131311,3586,27299,2511
0500000US05125,05125,"Saline County, Arkansas",37945,1005,30306,1288,7639,971
0500000US05131,05131,"Sebastian County, Arkansas",46779,1574,34789,1820,11990,1246
0500000US05143,05143,"Washington County, Arkansas",71791,2404,60165,2494,11626,1293
0500000US05145,05145,"White County, Arkansas",28079,1245,21532,1378,6547,928
0500000US06001,06001,"Alameda County, California",517939,5028,426104,4877,91835,4145
0500000US06007,06007,"Butte County, California",86438,1987,64004,2091,22434,1595
0500000US06013,06013,"Contra Costa County, California",367985,3384,301719,3885,66266,3234
0500000US06017,06017,"El Dorado County, California",65323,1888,54112,1937,11211,1160
0500000US06019,06019,"Fresno County, California",278964,3810,226544,3959,52420,3984
0500000US06023,06023,"Humboldt County, California",52979,1527,40196,1812,12783,1299
0500000US06025,06025,"Imperial County, California",46834,1508,36933,1549,9901,1262
0500000US06029,06029,"Kern County, California",244186,3604,200193,4139,43993,2678
0500000US06031,06031,"Kings County, California",40495,1795,34927,1934,5568,818
0500000US06033,06033,"Lake County, California",24459,1977,17616,1869,6843,1148
0500000US06037,06037,"Los Angeles County, California",3168362,9799,2661068,11756,507294,10711
0500000US06039,06039,"Madera County, California",41888,1942,33000,2065,8888,1138
0500000US06041,06041,"Marin County, California",102147,1745,83249,2282,18898,1559
0500000US06045,06045,"Mendocino County, California",34519,1354,26389,1524,8130,1184
0500000US06047,06047,"Merced County, California",72353,1721,56950,2286,15403,1492
0500000US06053,06053,"Monterey County, California",126066,2621,105472,2812,20594,1728
0500000US06055,06055,"Napa County, California",46333,1806,36788,1835,9545,1043
0500000US06057,06057,"Nevada County, California",41529,1730,30219,1797,11310,1125
0500000US06059,06059,"Orange County, California",971559,4843,823811,6559,147748,5658
0500000US06061,06061,"Placer County, California",128475,2552,100042,3219,28433,2180
0500000US06065,06065,"Riverside County, California",647443,6148,517203,7078,130240,3718
0500000US06067,06067,"Sacramento County, California",502061,5086,410075,5728,91986,3542
0500000US06071,06071,"San Bernardino County, California",580361,5845,485920,6264,94441,4177
0500000US06073,06073,"San Diego County, California",1037958,7793,857390,8221,180568,5076
0500000US06075,06075,"San Francisco County, California",323339,4231,255374,4540,67965,3470
0500000US06077,06077,"San Joaquin County, California",205056,4029,166997,4201,38059,4866
0500000US06079,06079,"San Luis Obispo County, California",100901,2900,78558,2927,22343,1833
0500000US06081,06081,"San Mateo County, California",254590,2909,213493,2916,41097,2855
0500000US06083,06083,"Santa Barbara County, California",139212,2572,110965,2932,28247,2055
0500000US06085,06085,"Santa Clara County, California",587948,3702,504200,4304,83748,3895
0500000US06087,06087,"Santa Cruz County, California",93759,2135,75545,2717,18214,1664
0500000US06089,06089,"Shasta County, California",70067,1820,50644,2358,19423,1893
0500000US06095,06095,"Solano County, California",136036,2513,111697,2615,24339,1792
0500000US06097,06097,"Sonoma County, California",181159,2500,145238,3107,35921,2144
0500000US06099,06099,"Stanislaus County, California",160855,2782,129963,3173,30892,1989
0500000US06101,06101,"Sutter County, California",30982,864,24586,1142,6396,902
0500000US06107,06107,"Tulare County, California",124047,2152,102081,2407,21966,2082
0500000US06111,06111,"Ventura County, California",256944,3048,211919,3520,45025,2163
0500000US06113,06113,"Yolo County, California",68769,3276,57671,3347,11098,1322
0500000US06115,06115,"Yuba County, California",25233,1117,20772,1142,4461,808
0500000US08001,08001,"Adams County, Colorado",149358,2636,133550,2541,15808,1433
0500000US08005,08005,"Arapahoe County, Colorado",214897,2736,183256,3250,31641,2086
0500000US08013,08013,"Boulder County, Colorado",118434,1985,104452,1942,13982,1713
0500000US08031,08031,"Denver County, Colorado",248129,3995,201772,3722,46357,2558
0500000US08035,08035,"Douglas County, Colorado",97111,1481,90662,1505,6449,803
0500000US08041,08041,"El Paso County, Colorado",221645,2868,189403,3701,32242,2554
0500000US08059,08059,"Jefferson County, Colorado",217546,2287,186414,2473,31132,2040
0500000US08069,08069,"Larimer County, Colorado",118483,2387,100792,2807,17691,1631
0500000US08077,08077,"Mesa County, Colorado",56994,1066,44943,1360,12051,976
0500000US08101,08101,"Pueblo County, Colorado",60786,2025,45958,2457,14828,1556
0500000US08123,08123,"Weld County, Colorado",86163,1838,75655,1742,10508,1228
0500000US09001,09001,"Fairfield County, Connecticut",323987,3708,268694,4192,55293,2882
0500000US09003,09003,"Hartford County, Connecticut",342409,3658,272578,4138,69831,2907
0500000US09005,09005,"Litchfield County, Connecticut",74125,1931,61658,2039,12467,1150
0500000US09007,09007,"Middlesex County, Connecticut",66688,1796,53430,1828,13258,1099
0500000US09009,09009,"New Haven County, Connecticut",322436,4255,261067,4291,61369,3368
0500000US09011,09011,"New London County, Connecticut",103401,2369,85330,2694,18071,1656
0500000US09013,09013,"Tolland County, Connecticut",53590,1748,46107,1891,7483,1019
0500000US09015,09015,"Windham County, Connecticut",42669,1543,35164,1615,7505,1045
0500000US10001,10001,"Kent County, Delaware",57438,1584,46251,1881,11187,1287
0500000US10003,10003,"New Castle County, Delaware",196670,2650,163361,3257,33309,1952
0500000US10005,10005,"Sussex County, Delaware",74546,2365,55071,2209,19475,1200
0500000US11001,11001,"District of Columbia, District of Columbia",249996,3353,203171,3688,46825,3119
0500000US12001,12001,"Alachua County, Florida",98824,2559,81552,2414,17272,1628
0500000US12005,12005,"Bay County, Florida",69693,3240,54141,3260,15552,1732
0500000US12009,12009,"Brevard County, Florida",217467,4096,154042,4022,63425,2832
0500000US12011,12011,"Broward County, Florida",667220,7520,531637,7791,135583,3943
0500000US12015,12015,"Charlotte County, Florida",73937,3333,47544,3521,26393,1608
0500000US12017,12017,"Citrus County, Florida",56247,3561,31568,2281,24679,2897
0500000US12019,12019,"Clay County, Florida",66188,1949,56525,1907,9663,1862
0500000US12021,12021,"Collier County, Florida",117344,3939,77354,3786,39990,2096
0500000US12023,12023,"Columbia County, Florida",25467,2171,19198,2088,6269,1048
0500000US12031,12031,"Duval County, Florida",336109,5206,279422,5474,56687,3174
0500000US12033,12033,"Escambia County, Florida",115339,3664,86097,3374,29242,2229
0500000US12035,12035,"Flagler County, Florida",37383,1703,24733,1811,12650,1265
0500000US12053,12053,"Hernando County, Florida",67948,2714,42131,2872,25817,1518
0500000US12055,12055,"Highlands County, Florida",38894,2493,20446,2314,18448,1401
0500000US12057,12057,"Hillsborough County, Florida",455324,6195,374153,7134,81171,3788
0500000US12061,12061,"Indian River County, Florida",60427,2600,41815,2438,18612,1206
0500000US12069,12069,"Lake County, Florida",120254,2857,74938,3244,45316,2157
0500000US12071,12071,"Lee County, Florida",243923,6501,169335,6542,74588,2937
0500000US12073,12073,"Leon County, Florida",108505,2567,93863,2863,14642,1654
0500000US12081,12081,"Manatee County, Florida",131596,3082,89803,3146,41793,2293
0500000US12083,12083,"Marion County, Florida",136226,3055,88641,2832,47585,2297
0500000US12085,12085,"Martin County, Florida",57614,2243,36747,2331,20867,1466
0500000US12086,12086,"Miami-Dade County, Florida",825761,7652,661868,8740,163893,5106
0500000US12087,12087,"Monroe County, Florida",29084,1724,22798,1594,6286,1059
0500000US12089,12089,"Nassau County, Florida",23878,1770,18843,1626,5035,968
0500000US12091,12091,"Okaloosa County, Florida",73078,2535,59692,2508,13386,1441
0500000US12095,12095,"Orange County, Florida",386608,6432,333621,6479,52987,2829
0500000US12097,12097,"Osceola County, Florida",93236,3229,78874,3388,14362,1817
0500000US12099,12099,"Palm Beach County, Florida",505007,6661,353835,6378,151172,4025
0500000US12101,12101,"Pasco County, Florida",178797,3845,120461,3045,58336,2890
0500000US12103,12103,"Pinellas County, Florida",396853,6504,284706,6086,112147,4009
0500000US12105,12105,"Polk County, Florida",223931,4428,164692,4630,59239,2596
0500000US12107,12107,"Putnam County, Florida",27298,1701,17209,1619,10089,1296
0500000US12109,12109,"St. Johns County, Florida",67924,2731,55099,2789,12825,1582
0500000US12111,12111,"St. Lucie County, Florida",97150,3300,70005,3257,27145,1885
0500000US12113,12113,"Santa Rosa County, Florida",50626,2554,41956,2617,8670,1166
0500000US12115,12115,"Sarasota County, Florida",162241,3795,102655,3414,59586,2365
0500000US12117,12117,"Seminole County, Florida",149674,2727,127840,3046,21834,1906
0500000US12119,12119,"Sumter County, Florida",36280,1420,25455,1903,10825,1355
0500000US12127,12127,"Volusia County, Florida",199936,4707,139856,4859,60080,2235
0500000US13013,13013,"Barrow County, Georgia",22102,1651,18427,1811,3675,919
0500000US13015,13015,"Bartow County, Georgia",32858,1457,27751,1471,5107,944
0500000US13021,13021,"Bibb County, Georgia",59981,2968,45905,3344,14076,1421
0500000US13031,13031,"Bulloch County, Georgia",24036,1246,20150,1526,3886,772
0500000US13045,13045,"Carroll County, Georgia",40432,1401,33662,1552,6770,879
0500000US13051,13051,"Chatham County, Georgia",98436,2760,77430,2810,21006,1764
0500000US13057,13057,"Cherokee County, Georgia",74592,1652,65905,1879,8687,1215
0500000US13059,13059,"Clarke County, Georgia",41088,1897,33081,1841,8007,1058
0500000US13063,13063,"Clayton County, Georgia",88891,2368,78989,2579,9902,1502
0500000US13067,13067,"Cobb County, Georgia",254848,2940,228906,3041,25942,1707
0500000US13073,13073,"Columbia County, Georgia",38467,1538,33018,1460,5449,864
0500000US13077,13077,"Coweta County, Georgia",43574,1152,36538,1388,7036,1049
0500000US13089,13089,"DeKalb County, Georgia",275111,4512,238529,4847,36582,2811
0500000US13095,13095,"Dougherty County, Georgia",36116,1749,28199,1699,7917,1078
0500000US13097,13097,"Douglas County, Georgia",43470,1641,38734,1881,4736,951
0500000US13113,13113,"Fayette County, Georgia",36095,1023,30517,1076,5578,842
0500000US13115,13115,"Floyd County, Georgia",35247,1652,26385,1655,8862,1188
0500000US13117,13117,"Forsyth County, Georgia",57713,1461,52425,1541,5288,957
0500000US13121,13121,"Fulton County, Georgia",369370,7157,316026,7305,53344,3724
0500000US13127,13127,"Glynn County, Georgia",29000,1569,21356,1739,7644,1171
0500000US13135,13135,"Gwinnett County, Georgia",256424,3587,234934,3557,21490,2033
0500000US13139,13139,"Hall County, Georgia",57623,1994,49423,2179,8200,1527
0500000US13151,13151,"Henry County, Georgia",65422,1571,56718,1783,8704,1161
0500000US13153,13153,"Houston County, Georgia",50819,1737,42104,2136,8715,1171
0500000US13185,13185,"Lowndes County, Georgia",39722,1601,33497,1860,6225,905
0500000US13215,13215,"Muscogee County, Georgia",72883,2693,57257,2763,15626,1548
0500000US13217,13217,"Newton County, Georgia",32820,1586,27930,1548,4890,903
0500000US13223,13223,"Paulding County, Georgia",49138,1796,43965,1902,5173,1468
0500000US13245,13245,"Richmond County, Georgia",75865,2522,60503,2438,15362,2091
0500000US13247,13247,"Rockdale County, Georgia",27599,1068,23131,1156,4468,862
0500000US13297,13297,"Walton County, Georgia",29670,1400,25227,1561,4443,791
0500000US13313,13313,"Whitfield County, Georgia",32589,984,27570,1161,5019,894
0500000US15001,15001,"Hawaii County, Hawaii",63088,2262,49920,2406,13168,1412
0500000US15003,15003,"Honolulu County, Hawaii",302861,3857,251432,4429,51429,2908
0500000US15009,15009,"Maui County, Hawaii",48950,2279,41048,2094,7902,1269
0500000US16001,16001,"Ada County, Idaho",145810,2321,123572,2649,22238,1910
0500000US16005,16005,"Bannock County, Idaho",28891,1211,24219,1149,4672,616
0500000US16019,16019,"Bonneville County, Idaho",35292,1007,30134,1122,5158,947
0500000US16027,16027,"Canyon County, Idaho",62424,1761,52894,1872,9530,1270
0500000US16055,16055,"Kootenai County, Idaho",53060,1644,41397,1887,11663,1425
0500000US16083,16083,"Twin Falls County, Idaho",28685,1595,22794,1608,5891,1092
0500000US17001,17001,"Adams County, Illinois",26558,1407,21164,1343,5394,748
0500000US17019,17019,"Champaign County, Illinois",78073,3000,65019,2994,13054,1474
0500000US17031,17031,"Cook County, Illinois",1941698,8245,1574848,9777,366850,7475
0500000US17037,17037,"DeKalb County, Illinois",36951,1946,32261,1858,4690,1000
0500000US17043,17043,"DuPage County, Illinois",338577,3229,294747,3720,43830,1923
0500000US17089,17089,"Kane County, Illinois",164060,2705,143037,2879,21023,1728
0500000US17091,17091,"Kankakee County, Illinois",39938,1384,31752,1489,8186,857
0500000US17093,17093,"Kendall County, Illinois",32499,1109,29971,1106,2528,607
0500000US17097,17097,"Lake County, Illinois",237799,2956,205706,3098,32093,2184
0500000US17099,17099,"LaSalle County, Illinois",45092,1225,34507,1376,10585,919
0500000US17111,17111,"McHenry County, Illinois",109390,1669,94879,2156,14511,1406
0500000US17113,17113,"McLean County, Illinois",62806,2089,53192,2172,9614,1099
0500000US17115,17115,"Macon County, Illinois",45959,1608,35002,1857,10957,1204
0500000US17119,17119,"Madison County, Illinois",107065,2265,83595,2436,23470,1666
0500000US17143,17143,"Peoria County, Illinois",75690,2253,59066,2188,16624,1491
0500000US17161,17161,"Rock Island County, Illinois",61287,1568,47059,1782,14228,1199
0500000US17163,17163,"St. Clair County, Illinois",104338,2004,80547,2526,23791,2001
0500000US17167,17167,"Sangamon County, Illinois",81131,1858,63992,1991,17139,1358
0500000US17179,17179,"Tazewell County, Illinois",53467,1134,42277,1421,11190,1055
0500000US17183,17183,"Vermilion County, Illinois",33051,1424,24928,1453,8123,938
0500000US17197,17197,"Will County, Illinois",217655,2806,190683,2620,26972,2650
0500000US17201,17201,"Winnebago County, Illinois",110759,3407,88211,3566,22548,1558
0500000US18003,18003,"Allen County, Indiana",137788,3130,113809,3059,23979,3038
0500000US18005,18005,"Bartholomew County, Indiana",29616,858,23338,1016,6278,788
0500000US18019,18019,"Clark County, Indiana",45733,1010,35681,1285,10052,1247
0500000US18035,18035,"Delaware County, Indiana",45071,1849,34010,1911,11061,965
0500000US18039,18039,"Elkhart County, Indiana",70908,1878,61442,2003,9466,1137
0500000US18043,18043,"Floyd County, Indiana",28560,1125,23638,1440,4922,762
0500000US18053,18053,"Grant County, Indiana",27466,1679,19929,1515,7537,1086
0500000US18057,18057,"Hamilton County, Indiana",96100,1825,86497,2056,9603,1257
0500000US18059,18059,"Hancock County, Indiana",25514,1379,20799,1336,4715,995
0500000US18063,18063,"Hendricks County, Indiana",52522,1107,45593,1506,6929,957
0500000US18067,18067,"Howard County, Indiana",33203,1310,24530,1641,8673,1181
0500000US18081,18081,"Johnson County, Indiana",50913,1486,42481,1566,8432,1070
0500000US18085,18085,"Kosciusko County, Indiana",30572,1054,25950,1244,4622,742
0500000US18089,18089,"Lake County, Indiana",184227,2744,144603,3039,39624,2385
0500000US18091,18091,"LaPorte County, Indiana",42012,1257,33416,1390,8596,891
0500000US18095,18095,"Madison County, Indiana",51759,1919,37708,1872,14051,1293
0500000US18097,18097,"Marion County, Indiana",357647,4844,293902,5187,63745,3638
0500000US18105,18105,"Monroe County, Indiana",52645,1980,42980,2324,9665,1324
0500000US18109,18109,"Morgan County, Indiana",26659,1148,21338,1197,5321,936
0500000US18127,18127,"Porter County, Indiana",62537,1380,52201,1546,10336,1182
0500000US18141,18141,"St. Joseph County, Indiana",99340,2816,79587,2883,19753,1707
0500000US18157,18157,"Tippecanoe County, Indiana",61730,1997,51988,2175,9742,1262
0500000US18163,18163,"Vanderburgh County, Indiana",73502,2199,56236,2186,17266,1493
0500000US18167,18167,"Vigo County, Indiana",41663,1998,31145,1939,10518,1494
0500000US18177,18177,"Wayne County, Indiana",26872,1586,20206,1402,6666,923
0500000US19013,19013,"Black Hawk County, Iowa",51211,1243,40992,1736,10219,1096
0500000US19061,19061,"Dubuque County, Iowa",36773,1244,30228,1367,6545,1000
0500000US19103,19103,"Johnson County, Iowa",49253,1882,42690,1912,6563,956
0500000US19113,19113,"Linn County, Iowa",85672,1997,70970,2045,14702,1471
0500000US19153,19153,"Polk County, Iowa",170222,2857,143828,3252,26394,1832
0500000US19155,19155,"Pottawattamie County, Iowa",36542,1501,29314,1604,7228,803
0500000US19163,19163,"Scott County, Iowa",66306,1510,55551,1574,10755,1100
0500000US19169,19169,"Story County, Iowa",32769,1207,29025,1189,3744,736
0500000US19193,19193,"Woodbury County, Iowa",39525,1313,32739,1495,6786,806
0500000US20045,20045,"Douglas County, Kansas",43730,1512,37678,1579,6052,992
0500000US20091,20091,"Johnson County, Kansas",207738,2182,182658,2833,25080,1827
0500000US20103,20103,"Leavenworth County, Kansas",26031,1234,21518,1284,4513,832
0500000US20161,20161,"Riley County, Kansas",24770,1253,21420,1365,3350,742
0500000US20173,20173,"Sedgwick County, Kansas",193747,2690,161809,2876,31938,1793
0500000US20177,20177,"Shawnee County, Kansas",74663,1990,60895,1885,13768,1543
0500000US20209,20209,"Wyandotte County, Kansas",58992,1517,46782,1691,12210,1457
0500000US21015,21015,"Boone County, Kentucky",42196,1154,36758,1160,5438,870
0500000US21029,21029,"Bullitt County, Kentucky",28292,803,23644,1025,4648,925
0500000US21037,21037,"Campbell County, Kentucky",35427,2191,27073,1853,8354,1339
0500000US21047,21047,"Christian County, Kentucky",26067,1275,19952,1415,6115,865
0500000US21059,21059,"Daviess County, Kentucky",39961,1275,28905,1598,11056,1153
0500000US21067,21067,"Fayette County, Kentucky",123450,2589,105923,2823,17527,1870
0500000US21093,21093,"Hardin County, Kentucky",39648,1593,30609,1872,9039,1096
0500000US21111,21111,"Jefferson County, Kentucky",294197,4245,229522,4765,64675,2917
0500000US21117,21117,"Kenton County, Kentucky",64878,1348,52993,1534,11885,1176
0500000US21145,21145,"McCracken County, Kentucky",28575,1099,21415,1457,7160,1048
0500000US21151,21151,"Madison County, Kentucky",30539,1264,24325,1475,6214,991
0500000US21195,21195,"Pike County, Kentucky",29575,1048,20449,1290,9126,1134
0500000US21227,21227,"Warren County, Kentucky",42195,1356,34303,1554,7892,1158
0500000US22005,22005,"Ascension Parish, Louisiana",35855,1343,30938,1609,4917,817
0500000US22015,22015,"Bossier Parish, Louisiana",42331,1703,34510,1663,7821,1119
0500000US22017,22017,"Caddo Parish, Louisiana",97709,2265,74297,2529,23412,2226
0500000US22019,22019,"Calcasieu Parish, Louisiana",72848,2074,57487,2376,15361,1317
0500000US22033,22033,"East Baton Rouge Parish, Louisiana",171086,3581,143668,3915,27418,2141
0500000US22045,22045,"Iberia Parish, Louisiana",26649,1854,21088,1694,5561,1143
0500000US22051,22051,"Jefferson Parish, Louisiana",157399,2623,125714,3037,31685,2039
0500000US22055,22055,"Lafayette Parish, Louisiana",80954,2150,67455,2114,13499,1604
0500000US22057,22057,"Lafourche Parish, Louisiana",34263,1094,26764,1521,7499,1455
0500000US22063,22063,"Livingston Parish, Louisiana",42116,1268,35391,1300,6725,947
0500000US22071,22071,"Orleans Parish, Louisiana",87142,3198,64422,2916,22720,2333
0500000US22073,22073,"Ouachita Parish, Louisiana",55914,1654,44928,2046,10986,1523
0500000US22079,22079,"Rapides Parish, Louisiana",47998,1751,37167,1809,10831,1010
0500000US22097,22097,"St. Landry Parish, Louisiana",33097,1396,23605,1404,9492,1128
0500000US22103,22103,"St. Tammany Parish, Louisiana",91552,1811,76790,2069,14762,2015
0500000US22105,22105,"Tangipahoa Parish, Louisiana",45549,1406,34640,1608,10909,1439
0500000US22109,22109,"Terrebonne Parish, Louisiana",38710,1192,31112,1611,7598,1222
0500000US23001,23001,"Androscoggin County, Maine",43334,1589,34522,1542,8812,1133
0500000US23003,23003,"Aroostook County, Maine",30154,1061,20868,1133,9286,763
0500000US23005,23005,"Cumberland County, Maine",116087,2402,92662,2615,23425,1750
0500000US23011,23011,"Kennebec County, Maine",48859,1406,36962,1461,11897,1035
0500000US23019,23019,"Penobscot County, Maine",61463,1831,48024,1835,13439,1153
0500000US23031,23031,"York County, Maine",81859,2621,65294,2715,16565,1267
0500000US24001,24001,"Allegany County, Maryland",27746,1806,19763,1817,7983,738
0500000US24003,24003,"Anne Arundel County, Maryland",189835,2519,164160,2962,25675,1783
0500000US24005,24005,"Baltimore County, Maryland",311244,3102,254557,3710,56687,2496
0500000US24009,24009,"Calvert County, Maryland",29804,947,26271,1130,3533,682
0500000US24013,24013,"Carroll County, Maryland",58730,1424,50398,1531,8332,947
0500000US24015,24015,"Cecil County, Maryland",35297,1953,29619,1991,5678,864
0500000US24017,24017,"Charles County, Maryland",49885,1124,44404,1328,5481,870
0500000US24021,24021,"Frederick County, Maryland",82694,1511,71346,1763,11348,1136
0500000US24025,24025,"Harford County, Maryland",90780,1761,77908,2082,12872,1417
0500000US24027,24027,"Howard County, Maryland",99665,1708,89000,2005,10665,1505
0500000US24031,24031,"Montgomery County, Maryland",341812,3281,295943,3902,45869,2377
0500000US24033,24033,"Prince George's County, Maryland",297169,3716,263531,3398,33638,2348
0500000US24037,24037,"St. Mary's County, Maryland",36933,1335,31722,1606,5211,869
0500000US24043,24043,"Washington County, Maryland",54819,1811,43961,1668,10858,985
0500000US24045,24045,"Wicomico County, Maryland",36704,1555,29636,1643,7068,928
0500000US24510,24510,"Baltimore city, Maryland",238454,4088,181938,4480,56516,2625
0500000US25001,25001,"Barnstable County, Massachusetts",93027,3523,65202,3764,27825,1757
0500000US25003,25003,"Berkshire County, Massachusetts",57455,2182,43510,2523,13945,1173
0500000US25005,25005,"Bristol County, Massachusetts",204454,4491,163780,4442,40674,2516
0500000US25009,25009,"Essex County, Massachusetts",277380,3558,220946,3928,56434,2744
0500000US25011,25011,"Franklin County, Massachusetts",30647,770,24051,1220,6596,944
0500000US25013,25013,"Hampden County, Massachusetts",173375,3494,130232,3861,43143,2521
0500000US25015,25015,"Hampshire County, Massachusetts",58894,1977,48556,2101,10338,1382
0500000US25017,25017,"Middlesex County, Massachusetts",566249,4377,471270,4761,94979,3415
0500000US25021,25021,"Norfolk County, Massachusetts",254478,2572,209080,3548,45398,2420
0500000US25023,25023,"Plymouth County, Massachusetts",176433,2781,146753,3125,29680,2597
0500000US25025,25025,"Suffolk County, Massachusetts",274043,4664,219510,5612,54533,3528
0500000US25027,25027,"Worcester County, Massachusetts",292767,3391,241663,3854,51104,2602
0500000US26005,26005,"Allegan County, Michigan",41648,1583,33117,1723,8531,1137
0500000US26017,26017,"Bay County, Michigan",43344,1465,31270,1592,12074,1271
0500000US26021,26021,"Berrien County, Michigan",63978,1931,49310,2036,14668,1163
0500000US26025,26025,"Calhoun County, Michigan",52624,1733,40748,1960,11876,1335
0500000US26037,26037,"Clinton County, Michigan",27828,784,21598,1030,6230,712
0500000US26045,26045,"Eaton County, Michigan",42533,1176,34098,1275,8435,810
0500000US26049,26049,"Genesee County, Michigan",169002,2853,122198,3130,46804,2689
0500000US26055,26055,"Grand Traverse County, Michigan",32701,2018,26447,1739,6254,1064
0500000US26065,26065,"Ingham County, Michigan",107365,3085,86001,3556,21364,1975
0500000US26073,26073,"Isabella County, Michigan",25117,1313,20771,1287,4346,756
0500000US26075,26075,"Jackson County, Michigan",58512,1979,43618,1728,14894,1253
0500000US26077,26077,"Kalamazoo County, Michigan",98049,2027,78825,2308,19224,1565
0500000US26081,26081,"Kent County, Michigan",223952,3391,182317,3571,41635,2275
0500000US26087,26087,"Lapeer County, Michigan",33207,1233,26054,1385,7153,938
0500000US26091,26091,"Lenawee County, Michigan",37184,1804,28472,1782,8712,1070
0500000US26093,26093,"Livingston County, Michigan",67307,1385,55977,1516,11330,968
0500000US26099,26099,"Macomb County, Michigan",325817,3585,254716,4121,71101,3133
0500000US26103,26103,"Marquette County, Michigan",24421,1309,17794,1278,6627,635
0500000US26111,26111,"Midland County, Michigan",32804,980,24925,1250,7879,708
0500000US26115,26115,"Monroe County, Michigan",58785,1452,46044,1757,12741,1247
0500000US26121,26121,"Muskegon County, Michigan",66384,1572,50482,1704,15902,1212
0500000US26125,26125,"Oakland County, Michigan",475226,4731,388916,5194,86310,3188
0500000US26139,26139,"Ottawa County, Michigan",93506,2061,77440,2337,16066,1614
0500000US26145,26145,"Saginaw County, Michigan",78521,1683,56319,2260,22202,1670
0500000US26147,26147,"St. Clair County, Michigan",64202,1603,49150,1984,15052,1393
0500000US26155,26155,"Shiawassee County, Michigan",27595,1018,20643,1032,6952,733
0500000US26159,26159,"Van Buren County, Michigan",28689,1291,21438,1432,7251,862
0500000US26161,26161,"Washtenaw County, Michigan",134797,4887,113097,5030,21700,1590
0500000US26163,26163,"Wayne County, Michigan",688293,6765,505691,6448,182602,5407
0500000US27003,27003,"Anoka County, Minnesota",118751,1684,103170,1795,15581,1230
0500000US27019,27019,"Carver County, Minnesota",32606,623,28928,841,3678,568
0500000US27037,27037,"Dakota County, Minnesota",149950,1629,133215,1915,16735,1211
0500000US27053,27053,"Hennepin County, Minnesota",475649,4856,402110,5936,73539,3257
0500000US27109,27109,"Olmsted County, Minnesota",55654,1361,47329,1423,8325,1115
0500000US27123,27123,"Ramsey County, Minnesota",203539,2878,164597,3345,38942,2155
0500000US27137,27137,"St. Louis County, Minnesota",84718,2190,62889,2415,21829,1461
0500000US27139,27139,"Scott County, Minnesota",44460,1037,40159,1144,4301,733
0500000US27141,27141,"Sherburne County, Minnesota",29162,914,26060,958,3102,775
0500000US27145,27145,"Stearns County, Minnesota",54804,1446,45788,1501,9016,1147
0500000US27163,27163,"Washington County, Minnesota",86258,1382,73916,1470,12342,1156
0500000US27171,27171,"Wright County, Minnesota",43811,1341,39035,1314,4776,722
0500000US28033,28033,"DeSoto County, Mississippi",56464,1231,49892,1724,6572,1069
0500000US28035,28035,"Forrest County, Mississippi",29912,1587,23424,1965,6488,1000
0500000US28047,28047,"Harrison County, Mississippi",70339,2076,56735,2383,13604,1452
0500000US28049,28049,"Hinds County, Mississippi",92861,2287,72424,2892,20437,1899
0500000US28059,28059,"Jackson County, Mississippi",49000,1662,39855,1845,9145,1263
0500000US28067,28067,"Jones County, Mississippi",25575,1635,19393,1641,6182,1353
0500000US28075,28075,"Lauderdale County, Mississippi",31095,2720,24643,1587,6452,2236
0500000US28081,28081,"Lee County, Mississippi",31280,1226,24941,1382,6339,1036
0500000US28089,28089,"Madison County, Mississippi",33893,1197,28878,1501,5015,1040
0500000US28121,28121,"Rankin County, Mississippi",52159,1607,43288,1732,8871,1177
0500000US29019,29019,"Boone County, Missouri",63220,2266,54524,2321,8696,980
0500000US29021,29021,"Buchanan County, Missouri",33021,1925,26775,1363,6246,1633
0500000US29031,29031,"Cape Girardeau County, Missouri",29288,1119,23537,1237,5751,997
0500000US29037,29037,"Cass County, Missouri",36455,1062,30445,1022,6010,781
0500000US29043,29043,"Christian County, Missouri",27796,969,22847,1126,4949,809
0500000US29047,29047,"Clay County, Missouri",80708,1320,67950,1803,12758,1364
0500000US29051,29051,"Cole County, Missouri",29532,2726,25020,2913,4512,841
0500000US29071,29071,"Franklin County, Missouri",38665,1255,31064,1439,7601,1164
0500000US29077,29077,"Greene County, Missouri",113969,2037,91409,2331,22560,1971
0500000US29095,29095,"Jackson County, Missouri",275542,3568,224685,3792,50857,2533
0500000US29097,29097,"Jasper County, Missouri",44821,1537,35720,1512,9101,1358
0500000US29099,29099,"Jefferson County, Missouri",82121,1619,69326,1994,12795,1265
0500000US29165,29165,"Platte County, Missouri",33325,1230,28964,1166,4361,570
0500000US29183,29183,"St. Charles County, Missouri",131187,2265,112531,2374,18656,1599
0500000US29189,29189,"St. Louis County, Missouri",404845,4681,330870,4770,73975,2896
0500000US29510,29510,"St. Louis city, Missouri",142299,3024,109549,3085,32750,2252
0500000US30013,30013,"Cascade County, Montana",33277,1331,26361,1375,6916,778
0500000US30029,30029,"Flathead County, Montana",31125,1197,24569,1507,6556,985
0500000US30031,30031,"Gallatin County, Montana",34221,1563,29846,1584,4375,729
0500000US30063,30063,"Missoula County, Montana",43751,829,35179,1344,8572,1071
0500000US30111,30111,"Yellowstone County, Montana",56636,1176,47234,1308,9402,1012
0500000US31055,31055,"Douglas County, Nebraska",198549,2499,165951,2914,32598,2534
0500000US31109,31109,"Lancaster County, Nebraska",107527,2760,92570,2752,14957,1392
0500000US31153,31153,"Sarpy County, Nebraska",56209,1147,50232,1395,5977,787
0500000US32003,32003,"Clark County, Nevada",684605,5574,581366,5764,103239,3901
0500000US32031,32031,"Washoe County, Nevada",155857,3312,131351,3777,24506,2299
0500000US33005,33005,"Cheshire County, New Hampshire",28785,1362,24290,1430,4495,755
0500000US33009,33009,"Grafton County, New Hampshire",33706,1576,27867,1453,5839,1130
0500000US33011,33011,"Hillsborough County, New Hampshire",149731,2163,127308,2439,22423,1593
0500000US33013,33013,"Merrimack County, New Hampshire",56694,1329,47686,1572,9008,970
0500000US33015,33015,"Rockingham County, New Hampshire",112392,1738,95981,1968,16411,1337
0500000US33017,33017,"Strafford County, New Hampshire",46194,1224,38769,1418,7425,920
0500000US34001,34001,"Atlantic County, New Jersey",101076,3445,79881,3328,21195,1383
0500000US34003,34003,"Bergen County, New Jersey",331701,3242,278291,3750,53410,3242
0500000US34005,34005,"Burlington County, New Jersey",165184,2346,138100,2751,27084,2116
0500000US34007,34007,"Camden County, New Jersey",191668,2743,155667,3183,36001,2411
0500000US34009,34009,"Cape May County, New Jersey",47356,1482,36582,1526,10774,929
0500000US34011,34011,"Cumberland County, New Jersey",51264,1323,39638,1489,11626,1059
0500000US34013,34013,"Essex County, New Jersey",279297,3037,227055,4180,52242,3213
0500000US34015,34015,"Gloucester County, New Jersey",102002,1462,84589,2016,17413,1543
0500000US34017,34017,"Hudson County, New Jersey",234638,3097,196341,3924,38297,2598
0500000US34019,34019,"Hunterdon County, New Jersey",47797,915,41288,1165,6509,896
0500000US34021,34021,"Mercer County, New Jersey",127905,2177,103705,2429,24200,1542
0500000US34023,34023,"Middlesex County, New Jersey",275089,3151,230852,3526,44237,2482
0500000US34025,34025,"Monmouth County, New Jersey",230530,3204,191795,2769,38735,2069
0500000US34027,34027,"Morris County, New Jersey",176084,1925,152745,2362,23339,1880
0500000US34029,34029,"Ocean County, New Jersey",221974,3869,155307,3647,66667,2787
0500000US34031,34031,"Passaic County, New Jersey",155533,2074,125814,2859,29719,2131
0500000US34033,34033,"Salem County, New Jersey",24292,1081,18511,1177,5781,740
0500000US34035,34035,"Somerset County, New Jersey",111280,2166,95978,2387,15302,1433
0500000US34037,34037,"Sussex County, New Jersey",55621,1329,47540,1437,8081,1055
0500000US34039,34039,"Union County, New Jersey",181121,2291,148472,2858,32649,2133
0500000US34041,34041,"Warren County, New Jersey",42600,1262,35914,1485,6686,940
0500000US35001,35001,"Bernalillo County, New Mexico",256859,3447,207473,4238,49386,2621
0500000US35013,35013,"Dona Ana County, New Mexico",69848,1647,55462,2065,14386,1769
0500000US35031,35031,"McKinley County, New Mexico",18628,1019,12809,1160,5819,966
0500000US35043,35043,"Sandoval County, New Mexico",44714,1266,36266,1469,8448,1109
0500000US35045,35045,"San Juan County, New Mexico",39861,1202,32398,1427,7463,971
0500000US35049,35049,"Santa Fe County, New Mexico",55090,1631,43609,1773,11481,1279
0500000US35061,35061,"Valencia County, New Mexico",23971,1108,18132,1267,5839,901
0500000US36001,36001,"Albany County, New York",121444,2623,96567,2977,24877,2080
0500000US36005,36005,"Bronx County, New York",473884,5152,354303,5613,119581,4191
0500000US36007,36007,"Broome County, New York",78097,2300,57768,2264,20329,1730
0500000US36009,36009,"Cattaraugus County, New York",32582,1174,25124,1186,7458,741
0500000US36011,36011,"Cayuga County, New York",31088,906,24124,978,6964,882
0500000US36013,36013,"Chautauqua County, New York",54710,1971,39619,1887,15091,1334
0500000US36015,36015,"Chemung County, New York",34853,1124,25236,1471,9617,1062
0500000US36019,36019,"Clinton County, New York",30082,1170,23494,1221,6588,966
0500000US36027,36027,"Dutchess County, New York",103204,2194,84421,2387,18783,1779
0500000US36029,36029,"Erie County, New York",384168,3937,288420,4519,95748,3063
0500000US36045,36045,"Jefferson County, New York",44972,1698,36204,1756,8768,1125
0500000US36047,36047,"Kings County, New York",888405,5664,682014,6200,206391,5763
0500000US36053,36053,"Madison County, New York",25769,1302,20957,1246,4812,632
0500000US36055,36055,"Monroe County, New York",283373,3901,219687,4169,63686,2642
0500000US36059,36059,"Nassau County, New York",435069,3088,357936,4288,77133,3236
0500000US36061,36061,"New York County, New York",749337,10269,602266,10248,147071,5126
0500000US36063,36063,"Niagara County, New York",87377,2266,66233,2388,21144,1724
0500000US36065,36065,"Oneida County, New York",91165,2353,68408,2466,22757,1959
0500000US36067,36067,"Onondaga County, New York",184815,2491,143006,2714,41809,2112
0500000US36069,36069,"Ontario County, New York",41761,1317,33510,1508,8251,1066
0500000US36071,36071,"Orange County, New York",122233,2114,102454,2386,19779,1705
0500000US36075,36075,"Oswego County, New York",47541,1607,36589,1923,10952,1010
0500000US36079,36079,"Putnam County, New York",34334,983,30375,1167,3959,777
0500000US36081,36081,"Queens County, New York",777224,4167,633528,5321,143696,4640
0500000US36083,36083,"Rensselaer County, New York",61155,1681,49596,1835,11559,1095
0500000US36085,36085,"Richmond County, New York",166425,2299,136193,2895,30232,2041
0500000US36087,36087,"Rockland County, New York",94687,1828,80358,2081,14329,2159
0500000US36089,36089,"St. Lawrence County, New York",42592,2001,31932,1913,10660,1133
0500000US36091,36091,"Saratoga County, New York",85556,1679,71046,1978,14510,1374
0500000US36093,36093,"Schenectady County, New York",57626,2833,44582,2674,13044,1530
0500000US36101,36101,"Steuben County, New York",38380,1472,28433,1360,9947,904
0500000US36103,36103,"Suffolk County, New York",475966,4540,393247,4840,82719,3153
0500000US36105,36105,"Sullivan County, New York",29750,3206,23263,2877,6487,1026
0500000US36109,36109,"Tompkins County, New York",37443,1760,30907,1674,6536,896
0500000US36111,36111,"Ulster County, New York",70048,1939,57560,1993,12488,1335
0500000US36113,36113,"Warren County, New York",28684,1337,22415,1434,6269,762
0500000US36117,36117,"Wayne County, New York",35673,1154,28089,1212,7584,886
0500000US36119,36119,"Westchester County, New York",340377,2916,276195,3588,64182,2565
0500000US37001,37001,"Alamance County, North Carolina",59882,1725,48957,1674,10925,1426
0500000US37019,37019,"Brunswick County, North Carolina",46869,2504,34807,2414,12062,1425
0500000US37021,37021,"Buncombe County, North Carolina",100241,2117,77927,2466,22314,1434
0500000US37023,37023,"Burke County, North Carolina",32856,1697,24446,1738,8410,1229
0500000US37025,37025,"Cabarrus County, North Carolina",62559,1404,51454,1776,11105,1224
0500000US37027,37027,"Caldwell County, North Carolina",31044,1346,24188,1363,6856,1075
0500000US37035,37035,"Catawba County, North Carolina",60564,1573,49148,1744,11416,1441
0500000US37045,37045,"Cleveland County, North Carolina",38503,1605,29328,1866,9175,1127
0500000US37049,37049,"Craven County, North Carolina",41015,1620,31475,1975,9540,1234
0500000US37051,37051,"Cumberland County, North Carolina",121049,4257,100084,4548,20965,1722
0500000US37057,37057,"Davidson County, North Carolina",61847,1581,47474,2202,14373,1582
0500000US37063,37063,"Durham County, North Carolina",104976,4454,89438,4837,15538,1502
0500000US37067,37067,"Forsyth County, North Carolina",135719,2805,106408,3242,29311,2064
0500000US37071,37071,"Gaston County, North Carolina",78338,2347,63369,2287,14969,1752
0500000US37081,37081,"Guilford County, North Carolina",186629,3365,154496,3837,32133,2464
0500000US37085,37085,"Harnett County, North Carolina",40741,1613,33102,1470,7639,925
0500000US37089,37089,"Henderson County, North Carolina",43131,1820,29961,2105,13170,1542
0500000US37097,37097,"Iredell County, North Carolina",61243,1776,50526,1991,10717,1330
0500000US37101,37101,"Johnston County, North Carolina",58039,1503,49014,1691,9025,1335
0500000US37109,37109,"Lincoln County, North Carolina",28017,1148,22877,1396,5140,941
0500000US37119,37119,"Mecklenburg County, North Carolina",366191,4325,325591,4369,40600,2850
0500000US37125,37125,"Moore County, North Carolina",31743,1472,22004,1489,9739,914
0500000US37127,37127,"Nash County, North Carolina",37028,1363,28253,1515,8775,1396
0500000US37129,37129,"New Hanover County, North Carolina",82443,2996,67980,3155,14463,1386
0500000US37133,37133,"Onslow County, North Carolina",56617,2967,48138,3356,8479,1298
0500000US37135,37135,"Orange County, North Carolina",50194,2139,42839,2432,7355,1038
0500000US37147,37147,"Pitt County, North Carolina",64171,2057,54560,2341,9611,1218
0500000US37151,37151,"Randolph County, North Carolina",54618,1323,45239,1621,9379,1272
0500000US37155,37155,"Robeson County, North Carolina",41909,1724,29338,1900,12571,1471
0500000US37157,37157,"Rockingham County, North Carolina",37946,1242,29249,1490,8697,1254
0500000US37159,37159,"Rowan County, North Carolina",52547,1717,40251,2038,12296,1250
0500000US37171,37171,"Surry County, North Carolina",28806,1307,21624,1421,7182,902
0500000US37179,37179,"Union County, North Carolina",64193,1870,56565,1961,7628,1209
0500000US37183,37183,"Wake County, North Carolina",322479,3956,286880,4066,35599,2193
0500000US37191,37191,"Wayne County, North Carolina",45195,2080,35610,2126,9585,1109
0500000US37193,37193,"Wilkes County, North Carolina",27564,1058,19291,1360,8273,1078
0500000US37195,37195,"Wilson County, North Carolina",31566,1509,24614,1614,6952,1020
0500000US38015,38015,"Burleigh County, North Dakota",31660,893,27186,1042,4474,624
0500000US38017,38017,"Cass County, North Dakota",62470,2092,54539,2309,7931,1056
0500000US38035,38035,"Grand Forks County, North Dakota",26464,1280,22576,1333,3888,670
0500000US39003,39003,"Allen County, Ohio",39989,1538,30195,1861,9794,1032
0500000US39007,39007,"Ashtabula County, Ohio",38189,1889,30239,2057,7950,1103
0500000US39013,39013,"Belmont County, Ohio",28467,1333,21449,1161,7018,1137
0500000US39017,39017,"Butler County, Ohio",132165,2345,108442,2645,23723,1847
0500000US39023,39023,"Clark County, Ohio",54606,1742,42102,2097,12504,1325
0500000US39025,39025,"Clermont County, Ohio",72052,1436,60376,1714,11676,1160
0500000US39029,39029,"Columbiana County, Ohio",41660,1786,32475,1845,9185,1181
0500000US39035,39035,"Cuyahoga County, Ohio",534705,5205,402577,5246,132128,4126
0500000US39041,39041,"Delaware County, Ohio",59317,1201,53158,1279,6159,788
0500000US39043,39043,"Erie County, Ohio",31132,1657,22907,1609,8225,954
0500000US39045,39045,"Fairfield County, Ohio",53024,1346,44140,1437,8884,1011
0500000US39049,39049,"Franklin County, Ohio",454952,5103,378904,5470,76048,3121
0500000US39055,39055,"Geauga County, Ohio",33730,1094,27927,1187,5803,1187
0500000US39057,39057,"Greene County, Ohio",61409,1795,50221,1990,11188,1238
0500000US39061,39061,"Hamilton County, Ohio",329228,4016,260258,5240,68970,3069
0500000US39063,39063,"Hancock County, Ohio",32245,1060,27080,1234,5165,805
0500000US39081,39081,"Jefferson County, Ohio",29765,1655,20157,1157,9608,1456
0500000US39085,39085,"Lake County, Ohio",92041,1678,74294,2063,17747,1338
0500000US39089,39089,"Licking County, Ohio",59653,1537,47706,1771,11947,1239
0500000US39093,39093,"Lorain County, Ohio",112294,2427,88774,2651,23520,1652
0500000US39095,39095,"Lucas County, Ohio",180738,2699,137011,2858,43727,2325
0500000US39099,39099,"Mahoning County, Ohio",99807,2611,72862,2484,26945,1790
0500000US39101,39101,"Marion County, Ohio",24579,1130,18212,1216,6367,994
0500000US39103,39103,"Medina County, Ohio",64388,954,55319,1297,9069,1100
0500000US39109,39109,"Miami County, Ohio",39706,988,31205,1171,8501,862
0500000US39113,39113,"Montgomery County, Ohio",221385,3725,173109,3713,48276,2481
0500000US39119,39119,"Muskingum County, Ohio",32286,1190,23907,1255,8379,894
0500000US39133,39133,"Portage County, Ohio",59968,2025,50243,2070,9725,1538
0500000US39139,39139,"Richland County, Ohio",47940,1618,36716,1780,11224,1201
0500000US39141,39141,"Ross County, Ohio",26058,1219,20093,1111,5965,941
0500000US39145,39145,"Scioto County, Ohio",30593,1265,20877,1451,9716,1098
0500000US39151,39151,"Stark County, Ohio",150893,2693,115397,2937,35496,2027
0500000US39153,39153,"Summit County, Ohio",221763,3366,173639,3316,48124,2864
0500000US39155,39155,"Trumbull County, Ohio",89687,1718,64150,2164,25537,1870
0500000US39157,39157,"Tuscarawas County, Ohio",34982,1483,25988,1324,8994,1208
0500000US39165,39165,"Warren County, Ohio",71915,1778,62169,1830,9746,1034
0500000US39169,39169,"Wayne County, Ohio",42989,1099,35492,1248,7497,874
0500000US39173,39173,"Wood County, Ohio",47049,2419,38082,2375,8967,1290
0500000US40017,40017,"Canadian County, Oklahoma",38175,1892,33682,1125,4493,1580
0500000US40027,40027,"Cleveland County, Oklahoma",90753,2073,77345,2486,13408,1590
0500000US40031,40031,"Comanche County, Oklahoma",42056,1984,32742,1896,9314,1310
0500000US40037,40037,"Creek County, Oklahoma",26112,947,19407,1104,6705,964
0500000US40101,40101,"Muskogee County, Oklahoma",27654,1285,19864,1485,7790,912
0500000US40109,40109,"Oklahoma County, Oklahoma",282936,3361,229853,4199,53083,3043
0500000US40119,40119,"Payne County, Oklahoma",28675,1649,22893,1698,5782,843
0500000US40125,40125,"Pottawatomie County, Oklahoma",24578,1083,18977,1212,5601,785
0500000US40131,40131,"Rogers County, Oklahoma",30048,686,24259,975,5789,834
0500000US40143,40143,"Tulsa County, Oklahoma",238589,3293,194683,3503,43906,3180
0500000US40145,40145,"Wagoner County, Oklahoma",26381,992,22516,1156,3865,805
0500000US41003,41003,"Benton County, Oregon",33918,1729,27276,1804,6642,974
0500000US41005,41005,"Clackamas County, Oregon",139813,2255,114402,2880,25411,1777
0500000US41017,41017,"Deschutes County, Oregon",63383,2318,50115,2157,13268,1312
0500000US41019,41019,"Douglas County, Oregon",40993,1485,27820,1605,13173,1271
0500000US41029,41029,"Jackson County, Oregon",82017,1800,59930,2129,22087,1674
0500000US41033,41033,"Josephine County, Oregon",34124,1144,21569,1397,12555,1328
0500000US41035,41035,"Klamath County, Oregon",26758,1280,19751,1309,7007,974
0500000US41039,41039,"Lane County, Oregon",142951,2061,108774,2670,34177,2077
0500000US41043,41043,"Linn County, Oregon",42569,1759,31953,1582,10616,1435
0500000US41047,41047,"Marion County, Oregon",113423,2058,91032,2537,22391,2423
0500000US41051,41051,"Multnomah County, Oregon",292556,3809,241963,4449,50593,2605
0500000US41053,41053,"Polk County, Oregon",24920,2606,19712,1678,5208,3505
0500000US41059,41059,"Umatilla County, Oregon",26718,1643,21554,1514,5164,1082
0500000US41067,41067,"Washington County, Oregon",192371,2333,164636,2920,27735,1901
0500000US41071,41071,"Yamhill County, Oregon",34040,1230,26891,1317,7149,901
0500000US42001,42001,"Adams County, Pennsylvania",37726,1207,30223,1322,7503,984
0500000US42003,42003,"Allegheny County, Pennsylvania",522229,5590,399860,5651,122369,5249
0500000US42005,42005,"Armstrong County, Pennsylvania",29553,735,21445,944,8108,831
0500000US42007,42007,"Beaver County, Pennsylvania",70617,1707,53535,1826,17082,1294
0500000US42011,42011,"Berks County, Pennsylvania",150091,2721,122145,2819,27946,1839
0500000US42013,42013,"Blair County, Pennsylvania",50854,1517,36628,1825,14226,1201
0500000US42017,42017,"Bucks County, Pennsylvania",227224,2655,188841,3395,38383,2748
0500000US42019,42019,"Butler County, Pennsylvania",71628,1734,56448,1686,15180,1134
0500000US42021,42021,"Cambria County, Pennsylvania",59461,1636,41019,1330,18442,1229
0500000US42027,42027,"Centre County, Pennsylvania",51205,2257,42650,2491,8555,1155
0500000US42029,42029,"Chester County, Pennsylvania",176607,2613,150895,2669,25712,1638
0500000US42033,42033,"Clearfield County, Pennsylvania",32393,1677,23524,1520,8869,1357
0500000US42037,42037,"Columbia County, Pennsylvania",24948,825,19056,1074,5892,716
0500000US42039,42039,"Crawford County, Pennsylvania",35215,1507,25422,1441,9793,930
0500000US42041,42041,"Cumberland County, Pennsylvania",91342,1763,72625,2052,18717,1498
0500000US42043,42043,"Dauphin County, Pennsylvania",104388,1785,83045,2155,21343,1693
0500000US42045,42045,"Delaware County, Pennsylvania",205580,2609,165331,2872,40249,1710
0500000US42049,42049,"Erie County, Pennsylvania",106435,2465,81991,2651,24444,1887
0500000US42051,42051,"Fayette County, Pennsylvania",57852,1891,38275,2017,19577,1862
0500000US42055,42055,"Franklin County, Pennsylvania",57090,1532,45343,1589,11747,1549
0500000US42063,42063,"Indiana County, Pennsylvania",34362,1334,26394,1407,7968,921
0500000US42069,42069,"Lackawanna County, Pennsylvania",87624,1925,64815,2249,22809,1657
0500000US42071,42071,"Lancaster County, Pennsylvania",186441,3214,152027,3404,34414,1676
0500000US42073,42073,"Lawrence County, Pennsylvania",35369,1249,25026,1398,10343,1000
0500000US42075,42075,"Lebanon County, Pennsylvania",51385,1144,40365,1252,11020,1222
0500000US42077,42077,"Lehigh County, Pennsylvania",130608,1855,104130,2057,26478,1608
0500000US42079,42079,"Luzerne County, Pennsylvania",130196,2561,94100,2494,36096,1995
0500000US42081,42081,"Lycoming County, Pennsylvania",47778,1086,36835,1359,10943,1078
0500000US42085,42085,"Mercer County, Pennsylvania",45444,1754,33747,1718,11697,1082
0500000US42089,42089,"Monroe County, Pennsylvania",60786,2019,50539,2210,10247,1557
0500000US42091,42091,"Montgomery County, Pennsylvania",301344,3389,250928,4008,50416,3019
0500000US42095,42095,"Northampton County, Pennsylvania",110734,2464,89173,2503,21561,1246
0500000US42097,42097,"Northumberland County, Pennsylvania",38267,1167,28285,1148,9982,906
0500000US42101,42101,"Philadelphia County, Pennsylvania",578263,6909,418654,7095,159609,6637
0500000US42107,42107,"Schuylkill County, Pennsylvania",61082,1790,43750,1727,17332,1211
0500000US42111,42111,"Somerset County, Pennsylvania",30615,1147,21518,1292,9097,888
0500000US42125,42125,"Washington County, Pennsylvania",82265,2034,62926,2043,19339,1319
0500000US42129,42129,"Westmoreland County, Pennsylvania",152966,3873,114557,3124,38409,4014
0500000US42133,42133,"York County, Pennsylvania",165676,3117,135380,3699,30296,1943
0500000US44003,44003,"Kent County, Rhode Island",67807,1583,54292,2133,13515,1729
0500000US44005,44005,"Newport County, Rhode Island",33335,2600,26515,2637,6820,1013
0500000US44007,44007,"Providence County, Rhode Island",231224,3471,176967,4390,54257,3093
0500000US44009,44009,"Washington County, Rhode Island",48019,2048,38138,2164,9881,1342
0500000US45003,45003,"Aiken County, South Carolina",60785,1676,44773,2010,16012,1468
0500000US45007,45007,"Anderson County, South Carolina",71728,2630,54902,2646,16826,1453
0500000US45013,45013,"Beaufort County, South Carolina",59787,2466,44813,2521,14974,1198
0500000US45015,45015,"Berkeley County, South Carolina",55326,2226,44914,2062,10412,1489
0500000US45019,45019,"Charleston County, South Carolina",138264,3446,110331,3810,27933,2011
0500000US45031,45031,"Darlington County, South Carolina",25938,1106,19624,1347,6314,1090
0500000US45035,45035,"Dorchester County, South Carolina",43414,1355,35695,1365,7719,940
0500000US45041,45041,"Florence County, South Carolina",49714,1609,39142,1534,10572,1251
0500000US45045,45045,"Greenville County, South Carolina",170059,3224,135890,3624,34169,2523
0500000US45047,45047,"Greenwood County, South Carolina",24143,1545,18664,1285,5479,763
0500000US45051,45051,"Horry County, South Carolina",110356,3145,83564,3372,26792,1916
0500000US45057,45057,"Lancaster County, South Carolina",26279,1192,19177,1479,7102,1020
0500000US45059,45059,"Laurens County, South Carolina",25635,1433,19853,1451,5782,934
0500000US45063,45063,"Lexington County, South Carolina",97618,2031,78667,2243,18951,1739
0500000US45073,45073,"Oconee County, South Carolina",31240,1503,21543,1647,9697,980
0500000US45075,45075,"Orangeburg County, South Carolina",34326,1466,24285,1908,10041,1551
0500000US45077,45077,"Pickens County, South Carolina",45114,2019,36290,2224,8824,1021
0500000US45079,45079,"Richland County, South Carolina",140427,2847,116732,3223,23695,2232
0500000US45083,45083,"Spartanburg County, South Carolina",106848,2313,81339,2591,25509,1784
0500000US45085,45085,"Sumter County, South Carolina",39631,1607,30543,1786,9088,1531
0500000US45091,45091,"York County, South Carolina",81772,1902,67913,2193,13859,1430
0500000US46099,46099,"Minnehaha County, South Dakota",71289,1273,59738,1530,11551,1096
0500000US46103,46103,"Pennington County, South Dakota",39778,1329,33286,1383,6492,810
0500000US47001,47001,"Anderson County, Tennessee",30863,1311,21748,1505,9115,1095
0500000US47009,47009,"Blount County, Tennessee",47033,1706,37692,1697,9341,1213
0500000US47011,47011,"Bradley County, Tennessee",37241,1435,29835,1493,7406,943
0500000US47037,47037,"Davidson County, Tennessee",257193,4133,212536,4066,44657,2710
0500000US47059,47059,"Greene County, Tennessee",27718,1970,20901,1705,6817,1164
0500000US47065,47065,"Hamilton County, Tennessee",132773,2248,105746,2410,27027,2030
0500000US47093,47093,"Knox County, Tennessee",181155,2424,143636,2836,37519,2098
0500000US47113,47113,"Madison County, Tennessee",38523,1363,30039,1465,8484,1072
0500000US47119,47119,"Maury County, Tennessee",33285,1287,27149,1497,6136,1175
0500000US47125,47125,"Montgomery County, Tennessee",60330,1768,50262,2002,10068,1334
0500000US47141,47141,"Putnam County, Tennessee",26031,1444,19456,1470,6575,1129
0500000US47149,47149,"Rutherford County, Tennessee",95980,2030,85322,2265,10658,1179
0500000US47155,47155,"Sevier County, Tennessee",31220,1616,24830,1774,6390,921
0500000US47157,47157,"Shelby County, Tennessee",341589,4520,284311,5016,57278,2833
0500000US47163,47163,"Sullivan County, Tennessee",67527,1705,50110,1860,17417,1553
0500000US47165,47165,"Sumner County, Tennessee",60308,1202,52460,1280,7848,962
0500000US47179,47179,"Washington County, Tennessee",46598,1983,36616,2182,9982,1387
0500000US47187,47187,"Williamson County, Tennessee",59204,1203,53655,1546,5549,990
0500000US47189,47189,"Wilson County, Tennessee",41625,975,35679,1318,5946,919
0500000US48005,48005,"Angelina County, Texas",30236,1494,22952,1571,7284,1105
0500000US48021,48021,"Bastrop County, Texas",23434,1650,18463,1760,4971,1251
0500000US48027,48027,"Bell County, Texas",99192,2937,82152,2965,17040,1261
0500000US48029,48029,"Bexar County, Texas",552156,5492,451188,5280,100968,4595
0500000US48037,48037,"Bowie County, Texas",33274,1495,24966,1613,8308,1365
0500000US48039,48039,"Brazoria County, Texas",103243,1699,89205,2095,14038,1391
0500000US48041,48041,"Brazos County, Texas",63044,2526,55250,2502,7794,1274
0500000US48061,48061,"Cameron County, Texas",117559,3116,87902,2930,29657,2398
0500000US48085,48085,"Collin County, Texas",269484,2759,245362,2888,24122,1874
0500000US48091,48091,"Comal County, Texas",39286,1638,30571,1856,8715,1137
0500000US48099,48099,"Coryell County, Texas",20790,1315,17693,1386,3097,680
0500000US48113,48113,"Dallas County, Texas",846928,7294,729976,7128,116952,4772
0500000US48121,48121,"Denton County, Texas",209287,2721,194258,2901,15029,1382
0500000US48135,48135,"Ector County, Texas",46053,1302,39009,1437,7044,1060
0500000US48139,48139,"Ellis County, Texas",47518,1174,42539,1247,4979,742
0500000US48141,48141,"El Paso County, Texas",237200,2902,192415,3723,44785,2817
0500000US48157,48157,"Fort Bend County, Texas",146933,1837,134667,2429,12266,1654
0500000US48167,48167,"Galveston County, Texas",107248,2680,90970,2772,16278,1432
0500000US48181,48181,"Grayson County, Texas",44588,1727,34736,1773,9852,1341
0500000US48183,48183,"Gregg County, Texas",45322,1419,36289,1506,9033,924
0500000US48187,48187,"Guadalupe County, Texas",39042,1226,31976,1410,7066,1084
0500000US48201,48201,"Harris County, Texas",1395445,8900,1226197,9329,169248,5235
0500000US48209,48209,"Hays County, Texas",47008,1550,41247,1600,5761,970
0500000US48213,48213,"Henderson County, Texas",30860,1838,21580,1832,9280,1059
0500000US48215,48215,"Hidalgo County, Texas",211551,4008,168517,4399,43034,2940
0500000US48231,48231,"Hunt County, Texas",28180,2279,22550,1719,5630,2025
0500000US48245,48245,"Jefferson County, Texas",93797,5453,72342,5152,21455,1892
0500000US48251,48251,"Johnson County, Texas",50284,1139,43782,1245,6502,962
0500000US48257,48257,"Kaufman County, Texas",28349,1001,24131,1206,4218,814
0500000US48291,48291,"Liberty County, Texas",23582,1344,19109,1578,4473,861
0500000US48303,48303,"Lubbock County, Texas",104798,2688,87556,2787,17242,1672
0500000US48309,48309,"McLennan County, Texas",83068,2026,65730,2050,17338,1732
0500000US48329,48329,"Midland County, Texas",46959,977,39827,1226,7132,871
0500000US48339,48339,"Montgomery County, Texas",146569,2453,126986,2831,19583,1780
0500000US48355,48355,"Nueces County, Texas",116883,3133,94833,3331,22050,1868
0500000US48361,48361,"Orange County, Texas",32404,1103,23742,1442,8662,1313
0500000US48367,48367,"Parker County, Texas",35384,1132,29463,1256,5921,1040
0500000US48375,48375,"Potter County, Texas",42874,1438,34057,1805,8817,1179
0500000US48381,48381,"Randall County, Texas",42077,1814,36241,1659,5836,924
0500000US48397,48397,"Rockwall County, Texas",23940,1055,20638,1100,3302,753
0500000US48409,48409,"San Patricio County, Texas",24417,977,19721,1114,4696,747
0500000US48423,48423,"Smith County, Texas",69619,1914,55073,2100,14546,1401
0500000US48439,48439,"Tarrant County, Texas",621777,4743,542907,5622,78870,3407
0500000US48441,48441,"Taylor County, Texas",49192,1626,40345,1826,8847,1133
0500000US48451,48451,"Tom Green County, Texas",40593,1913,32588,1845,8005,1113
0500000US48453,48453,"Travis County, Texas",394253,5299,353102,5683,41151,3544
0500000US48469,48469,"Victoria County, Texas",30601,1161,24608,1266,5993,937
0500000US48479,48479,"Webb County, Texas",65111,1445,57005,1736,8106,1115
0500000US48485,48485,"Wichita County, Texas",48771,2354,39442,2230,9329,1363
0500000US48491,48491,"Williamson County, Texas",127771,2085,111783,2302,15988,1624
0500000US49005,49005,"Cache County, Utah",33839,832,29872,985,3967,683
0500000US49011,49011,"Davis County, Utah",88912,1248,78468,1652,10444,1223
0500000US49035,49035,"Salt Lake County, Utah",334357,2740,288735,3219,45622,2340
0500000US49049,49049,"Utah County, Utah",134647,2030,119924,2409,14723,1273
0500000US49053,49053,"Washington County, Utah",46210,2117,34527,2125,11683,1077
0500000US49057,49057,"Weber County, Utah",77894,1333,63952,1687,13942,1346
0500000US50007,50007,"Chittenden County, Vermont",59636,1071,50356,1297,9280,1114
0500000US51003,51003,"Albemarle County, Virginia",36852,1774,30584,1780,6268,937
0500000US51013,51013,"Arlington County, Virginia",92352,2847,80856,3149,11496,1781
0500000US51015,51015,"Augusta County, Virginia",28670,1256,23570,1428,5100,892
0500000US51019,51019,"Bedford County, Virginia",27114,1332,22677,1398,4437,852
0500000US51041,51041,"Chesterfield County, Virginia",110665,1652,98273,1819,12392,1427
0500000US51059,51059,"Fairfax County, Virginia",371414,3463,334106,3953,37308,2428
0500000US51061,51061,"Fauquier County, Virginia",23014,1688,20180,1601,2834,766
0500000US51069,51069,"Frederick County, Virginia",27947,715,24072,871,3875,680
0500000US51085,51085,"Hanover County, Virginia",36409,1064,31776,1089,4633,687
0500000US51087,51087,"Henrico County, Virginia",117199,2071,98299,2524,18900,1645
0500000US51107,51107,"Loudoun County, Virginia",97064,1805,90338,2052,6726,1342
0500000US51121,51121,"Montgomery County, Virginia",33616,1782,28695,1920,4921,693
0500000US51153,51153,"Prince William County, Virginia",125406,2100,116195,2290,9211,1399
0500000US51161,51161,"Roanoke County, Virginia",38565,971,29946,1297,8619,1065
0500000US51165,51165,"Rockingham County, Virginia",29271,1174,23917,1336,5354,768
0500000US51177,51177,"Spotsylvania County, Virginia",41078,2279,36671,1557,4407,1726
0500000US51179,51179,"Stafford County, Virginia",39316,1967,35857,2070,3459,602
0500000US51510,51510,"Alexandria city, Virginia",61689,2102,54309,1877,7380,1554
0500000US51550,51550,"Chesapeake city, Virginia",79876,1152,69731,1427,10145,1057
0500000US51650,51650,"Hampton city, Virginia",54495,1330,43135,1899,11360,1320
0500000US51680,51680,"Lynchburg city, Virginia",27534,1620,20676,1685,6858,926
0500000US51700,51700,"Newport News city, Virginia",71717,1943,61012,1891,10705,1368
0500000US51710,51710,"Norfolk city, Virginia",84860,4466,68597,4414,16263,1499
0500000US51740,51740,"Portsmouth city, Virginia",37492,1602,30589,1491,6903,765
0500000US51760,51760,"Richmond city, Virginia",79967,3609,61408,3511,18559,1711
0500000US51770,51770,"Roanoke city, Virginia",42633,1253,31489,1489,11144,1260
0500000US51800,51800,"Suffolk city, Virginia",30667,940,24446,1143,6221,1162
0500000US51810,51810,"Virginia Beach city, Virginia",162366,3507,139244,3846,23122,1615
0500000US53005,53005,"Benton County, Washington",60165,1406,47926,1995,12239,1512
0500000US53007,53007,"Chelan County, Washington",25968,1516,18145,1410,7823,860
0500000US53009,53009,"Clallam County, Washington",29587,1699,19054,1616,10533,1060
0500000US53011,53011,"Clark County, Washington",153490,2802,129458,2550,24032,3512
0500000US53015,53015,"Cowlitz County, Washington",38042,2323,28136,2408,9906,1340
0500000US53021,53021,"Franklin County, Washington",20849,717,16959,936,3890,713
0500000US53025,53025,"Grant County, Washington",28473,1073,23038,1275,5435,729
0500000US53027,53027,"Grays Harbor County, Washington",29044,1365,21247,1484,7797,891
0500000US53029,53029,"Island County, Washington",32250,1465,22893,1552,9357,1076
0500000US53033,53033,"King County, Washington",781391,4915,662994,6213,118397,4025
0500000US53035,53035,"Kitsap County, Washington",93399,2364,73502,2549,19897,1731
0500000US53041,53041,"Lewis County, Washington",27039,1217,19997,1389,7042,955
0500000US53053,53053,"Pierce County, Washington",295005,3972,239254,4083,55751,2635
0500000US53057,53057,"Skagit County, Washington",44103,1291,33321,1364,10782,827
0500000US53061,53061,"Snohomish County, Washington",265292,2679,226974,3436,38318,2538
0500000US53063,53063,"Spokane County, Washington",184672,2546,145653,3004,39019,2299
0500000US53067,53067,"Thurston County, Washington",97122,1865,78137,2452,18985,1733
0500000US53073,53073,"Whatcom County, Washington",76031,2065,60544,2189,15487,1346
0500000US53077,53077,"Yakima County, Washington",77409,1751,63579,2145,13830,1824
0500000US54003,54003,"Berkeley County, West Virginia",39170,1441,33534,1343,5636,1044
0500000US54011,54011,"Cabell County, West Virginia",41838,1499,30056,1801,11782,1286
0500000US54033,54033,"Harrison County, West Virginia",28699,992,20124,1235,8575,923
0500000US54039,54039,"Kanawha County, West Virginia",84705,2249,61901,2453,22804,1725
0500000US54061,54061,"Monongalia County, West Virginia",31036,1504,24060,1590,6976,1056
0500000US54081,54081,"Raleigh County, West Virginia",32394,1886,20021,1774,12373,1213
0500000US54107,54107,"Wood County, West Virginia",37419,1254,26871,1508,10548,1153
0500000US55009,55009,"Brown County, Wisconsin",96153,2047,81134,2115,15019,1762
0500000US55025,55025,"Dane County, Wisconsin",193562,3204,166587,3771,26975,1961
0500000US55027,55027,"Dodge County, Wisconsin",34561,1189,29314,1243,5247,735
0500000US55035,55035,"Eau Claire County, Wisconsin",38989,1269,32256,1362,6733,746
0500000US55039,55039,"Fond du Lac County, Wisconsin",39555,1169,31039,1335,8516,900
0500000US55055,55055,"Jefferson County, Wisconsin",30699,1231,26063,1184,4636,749
0500000US55059,55059,"Kenosha County, Wisconsin",61526,1461,51274,1675,10252,1126
0500000US55063,55063,"La Crosse County, Wisconsin",45694,1329,37105,1453,8589,1006
0500000US55071,55071,"Manitowoc County, Wisconsin",33571,1152,26324,1160,7247,878
0500000US55073,55073,"Marathon County, Wisconsin",53992,1062,44575,1429,9417,889
0500000US55079,55079,"Milwaukee County, Wisconsin",373030,3550,298476,5072,74554,3633
0500000US55087,55087,"Outagamie County, Wisconsin",68616,1195,56967,1478,11649,1089
0500000US55089,55089,"Ozaukee County, Wisconsin",33191,933,28577,1075,4614,615
0500000US55097,55097,"Portage County, Wisconsin",27681,1185,23106,1282,4575,818
0500000US55101,55101,"Racine County, Wisconsin",75062,1787,60312,2092,14750,1370
0500000US55105,55105,"Rock County, Wisconsin",62229,1634,49377,1489,12852,1360
0500000US55109,55109,"St. Croix County, Wisconsin",31309,920,27314,947,3995,606
0500000US55117,55117,"Sheboygan County, Wisconsin",46191,1111,37457,1104,8734,804
0500000US55127,55127,"Walworth County, Wisconsin",36709,2309,29723,2117,6986,1031
0500000US55131,55131,"Washington County, Wisconsin",51026,1015,42798,1324,8228,982
0500000US55133,55133,"Waukesha County, Wisconsin",149435,1869,124456,1986,24979,1746
0500000US55139,55139,"Winnebago County, Wisconsin",63144,2395,51644,2314,11500,1178
0500000US55141,55141,"Wood County, Wisconsin",32118,912,25525,1114,6593,778
0500000US56021,56021,"Laramie County, Wyoming",33025,1603,27465,1886,5560,945
0500000US56025,56025,"Natrona County, Wyoming",28180,1304,23657,1259,4523,778
0500000US72005,72005,"Aguadilla Municipio, Puerto Rico",19049,1151,10493,1137,8556,1069
0500000US72013,72013,"Arecibo Municipio, Puerto Rico",29230,1412,15481,1339,13749,1160
0500000US72021,72021,"Bayamn Municipio, Puerto Rico",70146,1899,47067,1968,23079,1555
0500000US72025,72025,"Caguas Municipio, Puerto Rico",47155,1426,31235,1698,15920,1197
0500000US72031,72031,"Carolina Municipio, Puerto Rico",59982,2126,42484,2081,17498,1458
0500000US72061,72061,"Guaynabo Municipio, Puerto Rico",33665,2435,23498,2277,10167,1086
0500000US72097,72097,"Mayagez Municipio, Puerto Rico",32155,1496,17924,1557,14231,1242
0500000US72113,72113,"Ponce Municipio, Puerto Rico",55658,1991,36156,2023,19502,1771
0500000US72127,72127,"San Juan Municipio, Puerto Rico",147359,2996,97226,3004,50133,2181
0500000US72135,72135,"Toa Alta Municipio, Puerto Rico",21503,918,15214,1056,6289,912
0500000US72137,72137,"Toa Baja Municipio, Puerto Rico",29615,1207,20033,1270,9582,1059
0500000US72139,72139,"Trujillo Alto Municipio, Puerto Rico",24454,1144,18353,1207,6101,980
