GEO.id,Id
GEO.id2,Id2
GEO.display-label,Geography
HD01_VD01,Estimate; Aggregate household income in the past 12 months (in 2007 inflation-adjusted dollars):
HD02_VD01,Margin of Error; Aggregate household income in the past 12 months (in 2007 inflation-adjusted dollars):
HD01_VD02,Estimate; Householder under 25 years
HD02_VD02,Margin of Error; Householder under 25 years
HD01_VD03,Estimate; Householder 25 to 44 years
HD02_VD03,Margin of Error; Householder 25 to 44 years
HD01_VD04,Estimate; Householder 45 to 64 years
HD02_VD04,Margin of Error; Householder 45 to 64 years
HD01_VD05,Estimate; Householder 65 years and over
HD02_VD05,Margin of Error; Householder 65 years and over
