GEO.id,Id
GEO.id2,Id2
GEO.display-label,Geography
HD01_VD01,Estimate; Total:
HD02_VD01,Margin of Error; Total:
HD01_VD02,Estimate; Male:
HD02_VD02,Margin of Error; Male:
HD01_VD03,Estimate; Male: - Under 18 years:
HD02_VD03,Margin of Error; Male: - Under 18 years:
HD01_VD04,Estimate; Male: - Under 18 years: - Native
HD02_VD04,Margin of Error; Male: - Under 18 years: - Native
HD01_VD05,Estimate; Male: - Under 18 years: - Foreign born:
HD02_VD05,Margin of Error; Male: - Under 18 years: - Foreign born:
HD01_VD06,Estimate; Male: - Under 18 years: - Foreign born: - Naturalized U.S. citizen
HD02_VD06,Margin of Error; Male: - Under 18 years: - Foreign born: - Naturalized U.S. citizen
HD01_VD07,Estimate; Male: - Under 18 years: - Foreign born: - Not a U.S. citizen
HD02_VD07,Margin of Error; Male: - Under 18 years: - Foreign born: - Not a U.S. citizen
HD01_VD08,Estimate; Male: - 18 years and over:
HD02_VD08,Margin of Error; Male: - 18 years and over:
HD01_VD09,Estimate; Male: - 18 years and over: - Native
HD02_VD09,Margin of Error; Male: - 18 years and over: - Native
HD01_VD10,Estimate; Male: - 18 years and over: - Foreign born:
HD02_VD10,Margin of Error; Male: - 18 years and over: - Foreign born:
HD01_VD11,Estimate; Male: - 18 years and over: - Foreign born: - Naturalized U.S. citizen
HD02_VD11,Margin of Error; Male: - 18 years and over: - Foreign born: - Naturalized U.S. citizen
HD01_VD12,Estimate; Male: - 18 years and over: - Foreign born: - Not a U.S. citizen
HD02_VD12,Margin of Error; Male: - 18 years and over: - Foreign born: - Not a U.S. citizen
HD01_VD13,Estimate; Female:
HD02_VD13,Margin of Error; Female:
HD01_VD14,Estimate; Female: - Under 18 years:
HD02_VD14,Margin of Error; Female: - Under 18 years:
HD01_VD15,Estimate; Female: - Under 18 years: - Native
HD02_VD15,Margin of Error; Female: - Under 18 years: - Native
HD01_VD16,Estimate; Female: - Under 18 years: - Foreign born:
HD02_VD16,Margin of Error; Female: - Under 18 years: - Foreign born:
HD01_VD17,Estimate; Female: - Under 18 years: - Foreign born: - Naturalized U.S. citizen
HD02_VD17,Margin of Error; Female: - Under 18 years: - Foreign born: - Naturalized U.S. citizen
HD01_VD18,Estimate; Female: - Under 18 years: - Foreign born: - Not a U.S. citizen
HD02_VD18,Margin of Error; Female: - Under 18 years: - Foreign born: - Not a U.S. citizen
HD01_VD19,Estimate; Female: - 18 years and over:
HD02_VD19,Margin of Error; Female: - 18 years and over:
HD01_VD20,Estimate; Female: - 18 years and over: - Native
HD02_VD20,Margin of Error; Female: - 18 years and over: - Native
HD01_VD21,Estimate; Female: - 18 years and over: - Foreign born:
HD02_VD21,Margin of Error; Female: - 18 years and over: - Foreign born:
HD01_VD22,Estimate; Female: - 18 years and over: - Foreign born: - Naturalized U.S. citizen
HD02_VD22,Margin of Error; Female: - 18 years and over: - Foreign born: - Naturalized U.S. citizen
HD01_VD23,Estimate; Female: - 18 years and over: - Foreign born: - Not a U.S. citizen
HD02_VD23,Margin of Error; Female: - 18 years and over: - Foreign born: - Not a U.S. citizen
