GEO.id,Id
GEO.id2,Id2
GEO.display-label,Geography
HD01_VD02,Estimate; Total living in area 1 year ago:
HD02_VD02,Margin of Error; Total living in area 1 year ago:
HD01_VD03,Estimate; Total living in area 1 year ago: - Same house
HD02_VD03,Margin of Error; Total living in area 1 year ago: - Same house
HD01_VD04,Estimate; Total living in area 1 year ago: - Moved within same municipio
HD02_VD04,Margin of Error; Total living in area 1 year ago: - Moved within same municipio
HD01_VD05,Estimate; Total living in area 1 year ago: - Moved to different municipio
HD02_VD05,Margin of Error; Total living in area 1 year ago: - Moved to different municipio
HD01_VD06,Estimate; Total living in area 1 year ago: - Moved to the United States
HD02_VD06,Margin of Error; Total living in area 1 year ago: - Moved to the United States
