GEO.id,GEO.id2,GEO.display-label,HD01_VD01,HD02_VD01,HD01_VD02,HD02_VD02,HD01_VD03,HD02_VD03,HD01_VD04,HD02_VD04,HD01_VD05,HD02_VD05
Id,Id2,Geography,Estimate; Total:,Margin of Error; Total:,Estimate; Total: - Born in Puerto Rico,Margin of Error; Total: - Born in Puerto Rico,Estimate; Total: - Born in the United States,Margin of Error; Total: - Born in the United States,Estimate; Total: - Native; born elsewhere,Margin of Error; Total: - Native; born elsewhere,Estimate; Total: - Foreign born,Margin of Error; Total: - Foreign born
0500000US72021,72021,"Bayam�n Municipio, Puerto Rico",14160,2496,12514,2485,647,306,381,268,618,362
0500000US72025,72025,"Caguas Municipio, Puerto Rico",13405,2878,11952,2585,612,282,30,51,811,567
0500000US72031,72031,"Carolina Municipio, Puerto Rico",30233,3921,26428,3699,594,528,181,219,3030,1028
0500000US72113,72113,"Ponce Municipio, Puerto Rico",7732,1937,6604,1808,829,564,0,221,299,278
0500000US72127,72127,"San Juan Municipio, Puerto Rico",36363,4041,25446,3374,931,505,327,330,9659,1674
