GEO.id,Id
GEO.id2,Id2
GEO.display-label,Geography
HD01_VD01,Estimate; Total:
HD02_VD01,Margin of Error; Total:
HD01_VD02,Estimate; Male:
HD02_VD02,Margin of Error; Male:
HD01_VD03,Estimate; Male: - Enrolled in school
HD02_VD03,Margin of Error; Male: - Enrolled in school
HD01_VD04,Estimate; Male: - Not enrolled in school:
HD02_VD04,Margin of Error; Male: - Not enrolled in school:
HD01_VD05,Estimate; Male: - Not enrolled in school: - High school graduate (includes equivalency):
HD02_VD05,Margin of Error; Male: - Not enrolled in school: - High school graduate (includes equivalency):
HD01_VD06,Estimate; Male: - Not enrolled in school: - High school graduate (includes equivalency): - In the labor force (employed or unemployed)
HD02_VD06,Margin of Error; Male: - Not enrolled in school: - High school graduate (includes equivalency): - In the labor force (employed or unemployed)
HD01_VD07,Estimate; Male: - Not enrolled in school: - High school graduate (includes equivalency): - Not in the labor force
HD02_VD07,Margin of Error; Male: - Not enrolled in school: - High school graduate (includes equivalency): - Not in the labor force
HD01_VD08,Estimate; Male: - Not enrolled in school: - Not high school graduate:
HD02_VD08,Margin of Error; Male: - Not enrolled in school: - Not high school graduate:
HD01_VD09,Estimate; Male: - Not enrolled in school: - Not high school graduate: - In the labor force (employed or unemployed)
HD02_VD09,Margin of Error; Male: - Not enrolled in school: - Not high school graduate: - In the labor force (employed or unemployed)
HD01_VD10,Estimate; Male: - Not enrolled in school: - Not high school graduate: - Not in the labor force
HD02_VD10,Margin of Error; Male: - Not enrolled in school: - Not high school graduate: - Not in the labor force
HD01_VD11,Estimate; Female:
HD02_VD11,Margin of Error; Female:
HD01_VD12,Estimate; Female: - Enrolled in school
HD02_VD12,Margin of Error; Female: - Enrolled in school
HD01_VD13,Estimate; Female: - Not enrolled in school:
HD02_VD13,Margin of Error; Female: - Not enrolled in school:
HD01_VD14,Estimate; Female: - Not enrolled in school: - High school graduate (includes equivalency):
HD02_VD14,Margin of Error; Female: - Not enrolled in school: - High school graduate (includes equivalency):
HD01_VD15,Estimate; Female: - Not enrolled in school: - High school graduate (includes equivalency): - In the labor force (employed or unemployed)
HD02_VD15,Margin of Error; Female: - Not enrolled in school: - High school graduate (includes equivalency): - In the labor force (employed or unemployed)
HD01_VD16,Estimate; Female: - Not enrolled in school: - High school graduate (includes equivalency): - Not in the labor force
HD02_VD16,Margin of Error; Female: - Not enrolled in school: - High school graduate (includes equivalency): - Not in the labor force
HD01_VD17,Estimate; Female: - Not enrolled in school: - Not high school graduate:
HD02_VD17,Margin of Error; Female: - Not enrolled in school: - Not high school graduate:
HD01_VD18,Estimate; Female: - Not enrolled in school: - Not high school graduate: - In the labor force (employed or unemployed)
HD02_VD18,Margin of Error; Female: - Not enrolled in school: - Not high school graduate: - In the labor force (employed or unemployed)
HD01_VD19,Estimate; Female: - Not enrolled in school: - Not high school graduate: - Not in the labor force
HD02_VD19,Margin of Error; Female: - Not enrolled in school: - Not high school graduate: - Not in the labor force
