GEO.id,GEO.id2,GEO.display-label,HD01_VD01,HD02_VD01,HD01_VD02,HD02_VD02,HD01_VD03,HD02_VD03,HD01_VD04,HD02_VD04,HD01_VD05,HD02_VD05,HD01_VD06,HD02_VD06,HD01_VD07,HD02_VD07,HD01_VD08,HD02_VD08,HD01_VD09,HD02_VD09,HD01_VD10,HD02_VD10,HD01_VD11,HD02_VD11,HD01_VD12,HD02_VD12,HD01_VD13,HD02_VD13,HD01_VD14,HD02_VD14,HD01_VD15,HD02_VD15,HD01_VD16,HD02_VD16,HD01_VD17,HD02_VD17,HD01_VD18,HD02_VD18,HD01_VD19,HD02_VD19,HD01_VD20,HD02_VD20,HD01_VD21,HD02_VD21,HD01_VD22,HD02_VD22,HD01_VD23,HD02_VD23,HD01_VD24,HD02_VD24,HD01_VD25,HD02_VD25,HD01_VD26,HD02_VD26,HD01_VD27,HD02_VD27
Id,Id2,Geography,Estimate; Total:,Margin of Error; Total:,Estimate; Owner occupied:,Margin of Error; Owner occupied:,Estimate; Owner occupied: - Householder 15 to 34 years:,Margin of Error; Owner occupied: - Householder 15 to 34 years:,Estimate; Owner occupied: - Householder 15 to 34 years: - 1.00 or less occupants per room,Margin of Error; Owner occupied: - Householder 15 to 34 years: - 1.00 or less occupants per room,Estimate; Owner occupied: - Householder 15 to 34 years: - 1.01 to 1.50 occupants per room,Margin of Error; Owner occupied: - Householder 15 to 34 years: - 1.01 to 1.50 occupants per room,Estimate; Owner occupied: - Householder 15 to 34 years: - 1.51 or more occupants per room,Margin of Error; Owner occupied: - Householder 15 to 34 years: - 1.51 or more occupants per room,Estimate; Owner occupied: - Householder 35 to 64 years:,Margin of Error; Owner occupied: - Householder 35 to 64 years:,Estimate; Owner occupied: - Householder 35 to 64 years: - 1.00 or less occupants per room,Margin of Error; Owner occupied: - Householder 35 to 64 years: - 1.00 or less occupants per room,Estimate; Owner occupied: - Householder 35 to 64 years: - 1.01 to 1.50 occupants per room,Margin of Error; Owner occupied: - Householder 35 to 64 years: - 1.01 to 1.50 occupants per room,Estimate; Owner occupied: - Householder 35 to 64 years: - 1.51 or more occupants per room,Margin of Error; Owner occupied: - Householder 35 to 64 years: - 1.51 or more occupants per room,Estimate; Owner occupied: - Householder 65 years and over:,Margin of Error; Owner occupied: - Householder 65 years and over:,Estimate; Owner occupied: - Householder 65 years and over: - 1.00 or less occupants per room,Margin of Error; Owner occupied: - Householder 65 years and over: - 1.00 or less occupants per room,Estimate; Owner occupied: - Householder 65 years and over: - 1.01 to 1.50 occupants per room,Margin of Error; Owner occupied: - Householder 65 years and over: - 1.01 to 1.50 occupants per room,Estimate; Owner occupied: - Householder 65 years and over: - 1.51 or more occupants per room,Margin of Error; Owner occupied: - Householder 65 years and over: - 1.51 or more occupants per room,Estimate; Renter occupied:,Margin of Error; Renter occupied:,Estimate; Renter occupied: - Householder 15 to 34 years:,Margin of Error; Renter occupied: - Householder 15 to 34 years:,Estimate; Renter occupied: - Householder 15 to 34 years: - 1.00 or less occupants per room,Margin of Error; Renter occupied: - Householder 15 to 34 years: - 1.00 or less occupants per room,Estimate; Renter occupied: - Householder 15 to 34 years: - 1.01 to 1.50 occupants per room,Margin of Error; Renter occupied: - Householder 15 to 34 years: - 1.01 to 1.50 occupants per room,Estimate; Renter occupied: - Householder 15 to 34 years: - 1.51 or more occupants per room,Margin of Error; Renter occupied: - Householder 15 to 34 years: - 1.51 or more occupants per room,Estimate; Renter occupied: - Householder 35 to 64 years:,Margin of Error; Renter occupied: - Householder 35 to 64 years:,Estimate; Renter occupied: - Householder 35 to 64 years: - 1.00 or less occupants per room,Margin of Error; Renter occupied: - Householder 35 to 64 years: - 1.00 or less occupants per room,Estimate; Renter occupied: - Householder 35 to 64 years: - 1.01 to 1.50 occupants per room,Margin of Error; Renter occupied: - Householder 35 to 64 years: - 1.01 to 1.50 occupants per room,Estimate; Renter occupied: - Householder 35 to 64 years: - 1.51 or more occupants per room,Margin of Error; Renter occupied: - Householder 35 to 64 years: - 1.51 or more occupants per room,Estimate; Renter occupied: - Householder 65 years and over:,Margin of Error; Renter occupied: - Householder 65 years and over:,Estimate; Renter occupied: - Householder 65 years and over: - 1.00 or less occupants per room,Margin of Error; Renter occupied: - Householder 65 years and over: - 1.00 or less occupants per room,Estimate; Renter occupied: - Householder 65 years and over: - 1.01 to 1.50 occupants per room,Margin of Error; Renter occupied: - Householder 65 years and over: - 1.01 to 1.50 occupants per room,Estimate; Renter occupied: - Householder 65 years and over: - 1.51 or more occupants per room,Margin of Error; Renter occupied: - Householder 65 years and over: - 1.51 or more occupants per room
0500000US01073,01073,"Jefferson County, Alabama",257219,3375,166240,3976,20198,1999,19688,2072,423,361,87,105,100495,3767,99759,3659,563,432,173,180,45547,1935,45376,1971,171,168,0,273,90979,3804,35662,2666,34920,2661,742,509,0,273,44636,2940,43130,2976,1431,706,75,113,10681,1634,10681,1634,0,273,0,273
0500000US01089,01089,"Madison County, Alabama",129367,2654,91760,2339,11116,1322,11052,1309,0,273,64,116,58696,2299,58414,2337,44,74,238,323,21948,1174,21948,1174,0,273,0,273,37607,2590,16024,1918,15299,1817,585,471,140,142,17764,1945,17020,1932,359,325,385,315,3819,909,3758,901,61,100,0,273
0500000US01097,01097,"Mobile County, Alabama",153676,3013,103152,3526,12983,1387,12840,1382,0,273,143,227,62631,2852,61572,2878,843,577,216,181,27538,1490,27479,1485,59,99,0,273,50524,3769,18174,2168,17223,2210,280,218,671,500,26859,2575,26059,2611,573,450,227,279,5491,970,5434,979,57,95,0,273
0500000US02020,02020,"Anchorage Municipality, Alaska",104993,2002,64018,2242,8112,1368,7659,1306,349,290,104,127,46468,1982,44992,1911,1038,401,438,337,9438,946,9438,946,0,246,0,246,40975,2566,18155,1924,16772,2002,1197,650,186,192,20342,1985,19349,1974,536,317,457,335,2478,777,2456,769,0,246,22,40
0500000US04001,04001,"Apache County, Arizona",18669,974,14160,936,766,334,523,224,197,216,46,50,8937,951,7241,915,871,392,825,323,4457,497,3922,512,411,226,124,92,4509,846,1231,484,1134,457,83,94,14,24,2556,677,2279,646,190,178,87,81,722,403,722,403,0,305,0,305
0500000US04005,04005,"Coconino County, Arizona",44276,2895,27265,1644,2325,842,2067,806,72,97,186,220,18620,1440,17622,1410,418,212,580,344,6320,862,6181,848,139,145,0,305,17011,2271,8247,1594,7899,1479,128,138,220,276,7638,1382,6027,1288,1343,571,268,216,1126,489,1101,484,25,48,0,305
0500000US04013,04013,"Maricopa County, Arizona",1384358,10054,873099,9983,108598,4974,103340,4893,3993,1371,1265,667,536041,8509,521838,8440,11830,1745,2373,666,228460,4516,227316,4559,1038,435,106,124,511259,11439,211642,7105,189474,6688,14023,2171,8145,1606,248666,7562,230491,7761,12660,1770,5515,1112,50951,2982,50719,2992,190,167,42,69
0500000US04015,04015,"Mohave County, Arizona",82166,2898,58114,2658,3677,970,3677,970,0,305,0,305,29690,1919,29048,1707,564,432,78,89,24747,1545,24717,1540,0,305,30,48,24052,2378,5885,1290,5452,1266,346,250,87,153,14828,1770,13535,1621,1067,580,226,232,3339,912,3339,912,0,305,0,305
0500000US04017,04017,"Navajo County, Arizona",34891,1951,25760,1944,2251,738,1656,600,367,395,228,178,16080,1479,14901,1481,556,315,623,304,7429,856,6936,903,122,155,371,261,9131,1498,1868,745,1352,636,373,330,143,158,6147,1113,5544,1105,431,271,172,163,1116,586,1116,586,0,305,0,305
0500000US04019,04019,"Pima County, Arizona",382574,5257,243436,5797,25714,2485,24339,2466,1120,572,255,294,142411,3735,138666,3672,3037,972,708,355,75311,3024,74851,3057,460,324,0,305,139138,5948,55483,3780,51293,3618,2869,1117,1321,699,66042,3987,61268,4029,3283,1020,1491,814,17613,2116,17432,2076,130,215,51,87
0500000US04021,04021,"Pinal County, Arizona",118749,3687,92915,3289,15799,1850,14969,1867,830,776,0,305,50893,2861,49923,2841,885,470,85,155,26223,1677,25585,1581,279,298,359,347,25834,2982,5997,1354,5323,1343,486,390,188,303,16166,2267,15204,2170,751,524,211,231,3671,1059,3607,1078,64,106,0,305
0500000US04027,04027,"Yuma County, Arizona",67750,2331,48719,2324,7263,1269,7024,1261,142,183,97,165,26256,1642,24997,1602,879,476,380,299,15200,1002,14885,1133,0,305,315,494,19031,2251,6373,1498,5363,1384,633,507,377,302,9909,1716,8840,1616,779,466,290,264,2749,835,2749,835,0,305,0,305
0500000US05119,05119,"Pulaski County, Arkansas",154943,3428,91253,2770,11338,1328,11054,1370,284,300,0,273,57511,2484,56442,2442,851,610,218,290,22404,1317,22404,1317,0,273,0,273,63690,3791,26497,2371,24952,2478,1246,748,299,361,30913,2911,30035,2936,311,294,567,490,6280,1010,6280,1010,0,273,0,273
0500000US05143,05143,"Washington County, Arkansas",76407,2484,43247,2376,6486,1113,6241,1057,103,128,142,208,27494,1724,26846,1727,521,282,127,125,9267,1188,9119,1186,97,157,51,85,33160,2731,17361,1978,16184,1899,648,334,529,404,13422,1839,12232,1778,681,511,509,473,2377,962,2377,962,0,273,0,273
0500000US06001,06001,"Alameda County, California",537410,4196,286780,5237,22449,2035,21045,2022,1075,452,329,235,196641,4500,189397,4584,5226,1444,2018,674,67690,2575,66858,2549,672,459,160,154,250630,5892,82197,4468,73907,4109,5667,1263,2623,990,137558,4979,124759,4674,9230,1659,3569,975,30875,2052,29907,2039,328,265,640,691
0500000US06007,06007,"Butte County, California",84629,2168,50325,2185,2902,754,2902,754,0,294,0,294,30828,1845,29654,1896,989,409,185,210,16595,880,16537,871,0,294,58,93,34304,2433,15705,1749,14326,1592,1112,600,267,271,13806,1834,13192,1765,516,406,98,128,4793,985,4793,985,0,294,0,294
0500000US06013,06013,"Contra Costa County, California",367883,3940,243026,4695,17732,2068,17080,2033,567,468,85,143,162407,3990,158753,3974,2895,940,759,395,62887,2190,62462,2261,300,301,125,147,124857,5397,39774,3429,35907,3339,3183,1067,684,483,69493,3962,63331,4070,5399,1297,763,401,15590,1884,15359,1872,0,294,231,195
0500000US06019,06019,"Fresno County, California",284690,3466,154283,4108,18314,2305,16982,2089,1206,671,126,121,96712,3451,90204,3409,4863,1119,1645,623,39257,1897,38712,1881,375,234,170,158,130407,4533,49816,2746,38284,2410,7121,1690,4411,1273,65859,3670,54542,3319,6703,1630,4614,1120,14732,1715,14135,1655,291,300,306,309
0500000US06025,06025,"Imperial County, California",48206,1756,27947,1648,3476,919,3359,906,117,115,0,294,18261,1571,16371,1422,1698,650,192,138,6210,954,6047,931,126,159,37,63,20259,1729,6674,1176,5976,1263,501,275,197,174,9848,1521,8190,1531,1187,732,471,386,3737,841,3696,841,41,70,0,294
0500000US06029,06029,"Kern County, California",252284,3155,148939,3532,21166,1887,20117,1922,789,464,260,294,93780,3029,87635,2995,4561,1069,1584,662,33993,1834,33443,1843,448,385,102,117,103345,4129,40036,2215,33069,2429,4861,1283,2106,735,52706,3209,45807,2821,5385,1351,1514,665,10603,1830,10457,1841,0,294,146,241
0500000US06031,06031,"Kings County, California",40818,1464,20953,1516,3114,980,2876,993,203,181,35,59,13677,1436,12725,1442,762,437,190,166,4162,627,3944,594,80,135,138,183,19865,1745,7506,977,6802,928,507,345,197,204,10504,1290,8799,1207,1404,603,301,301,1855,651,1855,651,0,294,0,294
0500000US06037,06037,"Los Angeles County, California",3202353,9199,1501448,14839,116060,5232,103775,4797,8947,1512,3338,772,995988,12035,915344,11827,58583,3451,22061,2333,389400,7583,381411,7781,5922,1075,2067,619,1700905,14777,537726,9161,427778,8507,53580,4379,56368,3565,956592,11922,767894,11877,103952,5588,84746,5448,206587,6073,196001,5883,3810,925,6776,1303
0500000US06039,06039,"Madera County, California",42189,1880,25469,1872,2392,727,2297,763,95,159,0,294,16210,1432,15069,1397,750,483,391,373,6867,1050,6702,1008,92,95,73,136,16720,2092,6315,1483,3893,1240,1051,531,1371,652,8556,1425,7700,1345,501,399,355,248,1849,831,1849,831,0,294,0,294
0500000US06041,06041,"Marin County, California",102692,2313,66429,2772,2269,817,2269,817,0,294,0,294,42344,2361,42004,2306,340,285,0,294,21816,1321,21746,1326,70,82,0,294,36263,2655,8720,1484,7152,1426,778,702,790,529,21035,2000,19395,1927,1414,661,226,186,6508,1198,6508,1198,0,294,0,294
0500000US06047,06047,"Merced County, California",73885,2088,40334,2510,4803,1289,4680,1269,123,145,0,294,26401,2040,24745,2045,1522,616,134,176,9130,1089,8854,1082,182,203,94,114,33551,2467,12883,1832,10669,1794,1942,804,272,260,16798,1709,14744,1764,1490,627,564,331,3870,891,3716,848,0,294,154,172
0500000US06053,06053,"Monterey County, California",125446,2406,63894,2982,5125,1023,4745,1031,380,240,0,294,40011,2517,37085,2476,2013,796,913,514,18758,1643,18588,1656,42,70,128,144,61552,3144,21518,1914,15655,1806,4288,1145,1575,627,33506,2546,27190,2515,3575,938,2741,828,6528,1043,6141,999,336,241,51,92
0500000US06055,06055,"Napa County, California",49754,1583,30948,1999,2290,773,1852,647,438,413,0,294,18593,1747,17835,1799,548,291,210,176,10065,904,9993,893,72,92,0,294,18806,1866,6084,1097,4614,975,754,516,716,502,9717,1374,8907,1287,810,484,0,294,3005,688,3005,688,0,294,0,294
0500000US06059,06059,"Orange County, California",986297,5154,584314,7164,43575,3118,40779,3123,1616,611,1180,548,382956,6083,363308,6217,14285,1724,5363,1024,157783,3985,155706,3935,1769,735,308,276,401983,7249,129844,4773,105483,4511,12617,2094,11744,2004,228423,5478,182053,5538,28617,2304,17753,2244,43716,2822,42544,2896,598,362,574,377
0500000US06061,06061,"Placer County, California",131234,2692,93350,3170,7067,1624,6961,1643,106,179,0,294,59663,2587,58818,2630,402,357,443,381,26620,1548,26568,1549,0,294,52,85,37884,3175,13500,1753,12228,1809,787,553,485,500,18738,2481,17789,2431,363,391,586,500,5646,1046,5646,1046,0,294,0,294
0500000US06065,06065,"Riverside County, California",670075,6112,458273,6812,48499,3264,45816,3275,1697,629,986,493,286496,6282,267644,5884,14490,2432,4362,994,123278,3440,122198,3423,999,568,81,99,211802,6293,71126,3966,59159,3850,9076,1667,2891,847,113062,5622,97390,4884,10780,2250,4892,1395,27614,2784,27259,2776,137,129,218,214
0500000US06067,06067,"Sacramento County, California",514514,4461,294365,5847,35759,2871,34524,2850,923,496,312,229,186237,5183,181077,5094,4291,1125,869,353,72369,2675,72169,2696,147,142,53,89,220149,6521,80323,3551,72508,3924,5095,1342,2720,1067,114984,5164,105159,5395,7317,2158,2508,790,24842,2270,24274,2203,227,188,341,354
0500000US06071,06071,"San Bernardino County, California",594975,6295,372535,7382,39820,3153,35097,3075,4118,1064,605,325,255668,6402,238500,6190,13299,2317,3869,1122,77047,2725,75187,2751,960,454,900,468,222440,6787,81632,4438,64938,3871,11668,2050,5026,1316,119392,5828,101538,5450,12474,2156,5380,1377,21416,2169,20966,2190,311,284,139,219
0500000US06073,06073,"San Diego County, California",1061210,7516,572400,8785,55915,3398,53468,3177,1489,656,958,466,367436,7036,356270,6951,8212,1302,2954,741,149049,5832,147158,5783,1227,481,664,349,488810,8262,187396,5133,166948,5198,10704,1721,9744,1340,254408,8122,224811,7577,18650,2384,10947,1841,47006,3288,45528,3222,808,450,670,517
0500000US06075,06075,"San Francisco County, California",336012,4358,123128,4317,11797,1872,10965,1797,275,251,557,404,75263,3480,71246,3542,2934,876,1083,468,36068,2101,35402,2019,378,264,288,232,212884,5751,75409,3596,71525,3564,846,520,3038,1174,106788,3658,97179,3759,4528,1363,5081,1250,30687,2260,29278,2149,190,188,1219,572
0500000US06077,06077,"San Joaquin County, California",215469,3657,124244,4141,14811,1706,13093,1667,1406,639,312,310,81517,3245,77587,3047,2790,849,1140,526,27916,2672,27416,2543,500,464,0,294,91225,4294,30983,2809,26237,2541,3372,961,1374,655,48844,3221,40780,3150,5771,1486,2293,853,11398,1813,10861,1741,489,435,48,78
0500000US06079,06079,"San Luis Obispo County, California",99653,2679,59862,2141,2654,675,2573,658,46,81,35,60,35521,1817,35131,1817,334,243,56,107,21687,1110,21544,1126,143,134,0,294,39791,2841,16758,2041,15101,1949,1251,663,406,380,18895,1808,18032,1778,636,438,227,215,4138,941,4080,938,58,98,0,294
0500000US06081,06081,"San Mateo County, California",257509,2547,152358,4237,9456,1465,9081,1455,375,299,0,294,99388,4263,94840,3994,3770,892,778,415,43514,1979,42908,1870,365,345,241,214,105151,3721,31366,2658,26311,2571,3843,1096,1212,678,61956,3346,52990,3647,6398,1533,2568,893,11829,1753,11612,1769,166,267,51,87
0500000US06083,06083,"Santa Barbara County, California",140842,2337,75146,2601,5372,1046,5221,1016,107,123,44,74,44328,2344,42808,2290,1187,588,333,241,25446,1378,25148,1337,220,226,78,121,65696,2952,25716,2010,21222,1873,2530,780,1964,644,32131,2227,26986,2292,2824,916,2321,803,7849,1080,7508,996,216,274,125,201
0500000US06085,06085,"Santa Clara County, California",599235,3770,342955,4963,26043,2157,24749,2011,991,470,303,185,236456,5145,226639,5345,8046,1392,1771,536,80456,2419,79821,2521,581,369,54,88,256280,5605,87039,3458,74080,3542,8673,1731,4286,1376,139269,5314,117724,5192,13471,2079,8074,1740,29972,2225,28903,2140,530,332,539,449
0500000US06087,06087,"Santa Cruz County, California",91264,4582,54209,3225,2482,787,2482,787,0,294,0,294,37506,2652,36171,2603,1003,570,332,282,14221,1089,14179,1085,42,69,0,294,37055,3689,13241,2508,11875,2337,695,576,671,445,19310,2029,17379,1948,834,472,1097,590,4504,1018,4322,1000,52,80,130,145
0500000US06095,06095,"Solano County, California",140202,2400,87615,2945,6563,1226,6440,1222,123,142,0,294,56969,2677,54893,2774,1880,810,196,168,24083,1534,23912,1534,171,176,0,294,52587,3052,19944,2232,17274,2079,2574,1051,96,113,28011,2579,25474,2445,2020,808,517,446,4632,851,4514,839,0,294,118,141
0500000US06097,06097,"Sonoma County, California",185711,2464,110953,3114,7320,1278,7215,1278,53,80,52,83,71158,2724,69894,2703,717,377,547,365,32475,1691,32293,1703,172,168,10,17,74758,2896,23630,1840,20325,1913,2712,896,593,355,40635,2496,37228,2611,2388,817,1019,615,10493,1457,10407,1472,86,121,0,294
0500000US06099,06099,"Stanislaus County, California",165761,2304,98598,3087,10898,1452,10127,1433,558,378,213,222,64958,2745,61668,2684,2774,712,516,261,22742,1505,22658,1511,27,45,57,84,67163,3214,22695,2044,18567,1952,2792,1126,1336,644,35430,2642,30749,2590,3202,1082,1479,724,9038,1184,8599,1233,244,230,195,303
0500000US06107,06107,"Tulare County, California",129590,2227,75913,2391,8678,1299,7472,1160,891,444,315,282,48722,2444,44772,2329,3277,944,673,330,18513,1359,18212,1432,273,255,28,48,53677,2982,22153,2257,16801,1866,3666,994,1686,594,26242,2335,21774,2373,2473,780,1995,775,5282,910,5135,914,65,77,82,123
0500000US06111,06111,"Ventura County, California",265904,3691,170124,4279,10976,1643,10635,1652,341,240,0,294,113128,3683,108715,3650,3273,861,1140,547,46020,1882,45852,1855,168,171,0,294,95780,4870,29417,3022,25117,2919,3190,1082,1110,608,54005,3546,47482,3449,4340,933,2183,743,12358,1470,12032,1490,204,197,122,140
0500000US06113,06113,"Yolo County, California",68585,4168,37863,2183,4833,1147,4774,1146,59,100,0,294,24094,1685,23606,1645,336,261,152,244,8936,882,8883,887,0,294,53,94,30722,3524,13166,3707,12259,3607,801,464,106,139,13595,1517,12213,1533,1057,508,325,372,3961,935,3826,944,0,294,135,202
0500000US06115,06115,"Yuba County, California",23175,1608,14982,1451,1920,582,1531,566,320,320,69,107,8934,1253,8316,1222,452,473,166,264,4128,697,3983,727,145,145,0,294,8193,1425,3293,933,2616,851,626,391,51,96,4511,962,3570,835,589,507,352,275,389,259,389,259,0,294,0,294
0500000US08001,08001,"Adams County, Colorado",150909,2406,98861,3045,17791,1757,17081,1676,627,462,83,97,63788,2802,62167,2654,1434,765,187,186,17282,1174,17239,1173,43,72,0,279,52048,3328,22554,1978,19973,1802,2227,783,354,254,25386,2779,23392,2580,1295,749,699,382,4108,892,4108,892,0,279,0,279
0500000US08005,08005,"Arapahoe County, Colorado",225328,2649,144959,3061,18134,1906,17752,1864,382,350,0,279,97181,2878,95640,2921,954,451,587,419,29644,1299,29587,1313,57,97,0,279,80369,3047,34476,1945,31299,2068,2166,850,1011,708,38053,2765,35682,2712,1749,775,622,470,7840,1172,7840,1172,0,279,0,279
0500000US08013,08013,"Boulder County, Colorado",119774,2391,74564,2402,7391,1154,7019,1094,165,198,207,275,53529,1920,53187,1939,88,105,254,258,13644,1474,13644,1474,0,279,0,279,45210,2513,23913,2134,22563,2039,593,369,757,593,17013,1852,16488,1792,399,309,126,206,4284,915,4212,889,72,117,0,279
0500000US08031,08031,"Denver County, Colorado",262093,3662,131790,3587,22229,2184,21564,2171,612,445,53,88,80671,2868,78684,2858,1628,656,359,270,28890,1480,28890,1480,0,279,0,279,130303,4330,64099,3386,60506,3203,2282,805,1311,712,51941,3367,48171,3367,2904,990,866,533,14263,1452,13924,1436,193,182,146,176
0500000US08041,08041,"El Paso County, Colorado",235103,2937,148634,3346,18296,1759,17575,1802,721,510,0,279,98028,2862,97299,2896,572,403,157,200,32310,1502,32310,1502,0,279,0,279,86469,3725,38027,2571,35313,2596,2164,823,550,450,41624,2860,40444,2772,875,469,305,214,6818,1148,6818,1148,0,279,0,279
0500000US08059,08059,"Jefferson County, Colorado",216560,2492,153991,3179,15690,1848,15440,1798,197,236,53,87,103542,2823,102879,2779,481,283,182,177,34759,1508,34573,1501,186,241,0,279,62569,3126,22018,2167,20723,2088,541,497,754,620,32798,2379,31337,2407,1115,564,346,335,7753,973,7753,973,0,279,0,279
0500000US08123,08123,"Weld County, Colorado",89056,2104,63848,2303,11453,1386,10875,1415,518,358,60,102,41107,1980,40210,1998,810,364,87,147,11288,833,11241,839,0,279,47,81,25208,2219,10282,1737,9628,1785,506,355,148,233,12110,1754,11076,1704,968,659,66,91,2816,821,2816,821,0,279,0,279
0500000US09001,09001,"Fairfield County, Connecticut",329091,3850,227019,4619,16222,1843,15787,1834,435,452,0,281,150099,3410,149210,3419,669,357,220,179,60698,2164,60698,2164,0,281,0,281,102072,4277,32348,2699,29365,2826,2102,910,881,477,55927,3290,52711,3165,2287,806,929,545,13797,1483,13473,1485,59,97,265,247
0500000US09003,09003,"Hartford County, Connecticut",351483,3595,231187,4814,22954,1800,22662,1827,120,144,172,257,147633,4105,146814,4094,775,414,44,74,60600,2354,60450,2334,112,184,38,65,120296,4277,38301,2169,35909,2184,1599,831,793,503,59992,3631,57798,3651,1859,740,335,316,22003,1856,21728,1881,175,176,100,119
0500000US09009,09009,"New Haven County, Connecticut",329595,3891,209305,4105,17225,1756,16770,1742,254,191,201,165,139206,2968,137278,2982,1402,595,526,316,52874,2216,52684,2245,144,179,46,75,120290,4312,41073,3044,39017,3075,1685,785,371,344,57899,3512,54745,3391,2403,855,751,500,21318,1904,21171,1906,70,117,77,127
0500000US10003,10003,"New Castle County, Delaware",199840,2314,139163,2874,15278,1530,15180,1525,98,117,0,265,90662,2493,89245,2553,1178,527,239,182,33223,1635,33126,1639,97,115,0,265,60677,3086,24433,2129,22890,2146,1244,745,299,350,27780,2598,26468,2692,1225,799,87,142,8464,1051,8464,1051,0,265,0,265
0500000US10005,10005,"Sussex County, Delaware",74029,2830,59304,2378,3934,918,3678,817,256,354,0,265,33268,1827,32587,1848,600,573,81,136,22102,1213,22089,1211,13,22,0,265,14725,1998,5343,1124,4563,1024,249,225,531,394,7568,1431,7235,1441,333,261,0,265,1814,553,1814,553,0,265,0,265
0500000US11001,11001,"District of Columbia, District of Columbia",252388,3730,107193,3924,13913,1860,13615,1847,170,183,128,205,64436,3332,63740,3330,571,274,125,149,28844,1684,28574,1708,89,106,181,224,145195,4932,59507,3297,57295,3349,1043,480,1169,626,66407,3576,63123,3672,2300,784,984,496,19281,1654,18970,1587,42,69,269,271
0500000US12009,12009,"Brevard County, Florida",221945,4440,166377,4309,11258,1630,11134,1640,124,152,0,310,95876,3321,94906,3366,670,340,300,220,59243,2132,59124,2137,0,310,119,106,55568,3569,18732,2112,18128,2129,604,428,0,310,28051,2835,27368,2827,415,363,268,368,8785,1402,8785,1402,0,310,0,310
0500000US12011,12011,"Broward County, Florida",658025,5545,435488,7082,37905,2977,36164,2957,835,489,906,694,273742,6840,265452,6859,6644,1329,1646,646,123841,4391,123185,4376,319,293,337,361,222537,6576,68023,3971,62611,3779,4840,1317,572,364,127704,5328,120155,5344,5730,1360,1819,662,26810,2657,26287,2624,314,296,209,279
0500000US12021,12021,"Collier County, Florida",118258,4192,88290,3248,2761,914,2668,905,33,61,60,109,42346,2367,41060,2316,1012,558,274,234,43183,1881,43118,1883,65,120,0,310,29968,2897,7355,1511,6150,1262,768,488,437,416,16144,2071,14738,2102,1201,700,205,240,6469,1124,6311,1134,111,186,47,80
0500000US12031,12031,"Duval County, Florida",326339,6102,201949,5353,23238,2561,22908,2550,286,306,44,76,130923,4196,130026,4234,897,440,0,310,47788,2149,47730,2145,0,310,58,99,124390,6024,49393,3445,47196,3602,1561,769,636,587,62913,4451,60421,4209,1803,729,689,562,12084,1700,12012,1662,72,116,0,310
0500000US12057,12057,"Hillsborough County, Florida",460605,5421,280785,5939,29262,2282,28575,2288,630,454,57,92,181977,5439,178452,5328,2768,887,757,372,69546,2481,69213,2477,169,160,164,156,179820,6309,75161,4241,72799,4254,1860,784,502,411,86328,5022,83194,4792,2703,943,431,406,18331,1907,18225,1892,49,79,57,95
0500000US12071,12071,"Lee County, Florida",233693,6016,165885,4777,8381,1493,7840,1397,541,427,0,310,86619,3609,85514,3614,817,476,288,252,70885,2667,70834,2652,0,310,51,86,67808,4928,19014,2514,17265,2510,1519,770,230,235,38490,3400,36804,3387,1140,545,546,476,10304,1464,10044,1408,0,310,260,429
0500000US12081,12081,"Manatee County, Florida",126418,3536,91577,3135,5395,976,5308,995,87,149,0,310,45644,2724,44919,2669,725,379,0,310,40538,1892,40488,1900,50,82,0,310,34841,2973,8951,1646,8047,1586,829,371,75,120,20292,2061,18959,1904,986,494,347,292,5598,1234,5404,1203,194,270,0,310
0500000US12083,12083,"Marion County, Florida",131753,3331,103237,3525,6453,1156,5647,1118,806,590,0,310,49127,2560,48060,2567,909,648,158,249,47657,2089,47231,2083,211,226,215,255,28516,2930,7510,1583,6655,1568,490,429,365,277,16087,2047,15092,1962,614,492,381,394,4919,1135,4919,1135,0,310,0,310
0500000US12086,12086,"Miami-Dade County, Florida",809689,6616,461464,7992,33742,3041,32296,2822,1339,597,107,129,300216,7381,288386,6931,9511,1465,2319,696,127506,4515,125209,4558,1204,516,1093,478,348225,7685,98826,4912,90322,4758,5743,1164,2761,1038,191898,7012,173260,7103,13899,2217,4739,1233,57501,3558,56315,3508,808,407,378,265
0500000US12095,12095,"Orange County, Florida",402441,5729,237734,5392,30329,2582,29859,2552,416,229,54,89,158353,4600,155231,4502,2947,809,175,168,49052,2460,48982,2450,70,115,0,310,164707,6203,72724,4723,70379,4718,2257,730,88,146,81012,4598,77889,4540,2167,770,956,679,10971,1485,10971,1485,0,310,0,310
0500000US12099,12099,"Palm Beach County, Florida",516845,7019,373397,5656,20445,2459,19846,2497,531,434,68,111,200054,4443,195550,4499,3875,1032,629,363,152898,3393,152505,3408,270,188,123,144,143448,5923,42076,3178,38112,3047,2800,1050,1164,552,79456,4262,74525,4304,3624,1082,1307,607,21916,2502,21621,2458,0,310,295,353
0500000US12101,12101,"Pasco County, Florida",183457,3777,144148,3789,12588,1592,12177,1594,411,426,0,310,80023,3112,79224,3107,455,323,344,331,51537,1980,51537,1980,0,310,0,310,39309,2935,11217,1742,10275,1704,883,665,59,97,20924,2451,20573,2470,306,232,45,74,7168,1115,7168,1115,0,310,0,310
0500000US12103,12103,"Pinellas County, Florida",402202,6492,273002,5583,17424,1982,17119,1994,252,348,53,88,154653,4227,152646,4188,1664,640,343,274,100925,3262,100886,3263,39,65,0,310,129200,4823,37394,2630,35055,2593,1681,743,658,364,66541,3963,64762,3835,1508,739,271,217,25265,2471,25210,2483,0,310,55,90
0500000US12105,12105,"Polk County, Florida",221073,4612,157205,4445,13300,1638,12639,1627,499,403,162,252,87285,3469,84824,3438,1836,892,625,394,56620,1988,56491,1991,0,310,129,150,63868,3929,23536,2807,21187,2617,1152,683,1197,687,31201,2574,29078,2479,1094,469,1029,609,9131,1399,9131,1399,0,310,0,310
0500000US12127,12127,"Volusia County, Florida",190757,4849,142542,4298,8992,1343,8155,1473,837,595,0,310,81608,3713,80955,3671,589,464,64,105,51942,2431,51770,2405,172,195,0,310,48215,3203,13871,2102,13125,2107,433,298,313,308,23337,2383,23149,2352,110,159,78,125,11007,1650,11007,1650,0,310,0,310
0500000US13063,13063,"Clayton County, Georgia",84383,2309,48894,2580,5964,1399,5293,1185,671,678,0,300,35578,2455,35023,2350,393,281,162,246,7352,896,7352,896,0,300,0,300,35489,2634,14015,1826,12275,1737,1397,738,343,294,19220,2052,18465,1996,527,395,228,289,2254,710,2254,710,0,300,0,300
0500000US13067,13067,"Cobb County, Georgia",256175,3637,173758,4205,20242,1943,19628,1960,471,436,143,233,121822,3456,120060,3475,1762,704,0,300,31694,1358,31626,1352,68,113,0,300,82417,4032,37022,2623,34274,2578,1530,782,1218,664,39332,3366,37579,3310,862,522,891,680,6063,1278,6063,1278,0,300,0,300
0500000US13089,13089,"DeKalb County, Georgia",258412,4440,146151,3571,16939,1767,16836,1783,18,32,85,99,100283,3393,99350,3368,554,364,379,477,28929,1712,28892,1708,37,64,0,300,112261,4841,47605,3395,44652,3331,1613,701,1340,802,54501,3618,52392,3605,1811,875,298,301,10155,1499,9940,1452,68,111,147,251
0500000US13095,13095,"Dougherty County, Georgia",35943,1727,16473,1380,1461,522,1461,522,0,300,0,300,9010,1157,8862,1148,148,138,0,300,6002,629,5950,619,52,86,0,300,19470,1609,7169,1130,6295,1113,444,378,430,456,10123,1086,9394,1152,500,329,229,339,2178,615,2178,615,0,300,0,300
0500000US13121,13121,"Fulton County, Georgia",354893,4881,192652,4446,25915,2459,25348,2331,520,424,47,78,130860,3801,130097,3766,492,403,271,269,35877,1793,35793,1797,42,69,42,69,162241,5178,67464,4001,63062,3871,3516,1285,886,556,78998,4384,74321,4154,4036,1053,641,383,15779,1969,15779,1969,0,300,0,300
0500000US13135,13135,"Gwinnett County, Georgia",267068,2693,184129,3774,23824,2303,23439,2268,385,283,0,300,137262,3385,135024,3377,1935,847,303,215,23043,1595,22852,1554,191,245,0,300,82939,3655,34080,2760,30385,2600,2707,1181,988,684,44740,2721,41584,2763,2677,1031,479,324,4119,999,4119,999,0,300,0,300
0500000US13139,13139,"Hall County, Georgia",60969,1926,40295,2337,4777,1026,4724,1024,0,300,53,93,25059,1616,24076,1614,783,448,200,217,10459,976,10459,976,0,300,0,300,20674,2172,7607,1494,6718,1453,527,496,362,373,10828,1996,9820,1986,939,512,69,114,2239,847,2239,847,0,300,0,300
0500000US13215,13215,"Muscogee County, Georgia",72407,2555,39184,2044,4072,1030,4072,1030,0,300,0,300,23580,1671,23227,1661,353,291,0,300,11532,939,11468,930,64,110,0,300,33223,2250,12260,1484,12027,1477,233,226,0,300,17031,1607,16164,1545,336,299,531,418,3932,932,3932,932,0,300,0,300
0500000US15001,15001,"Hawaii County, Hawaii",62584,2178,40125,2452,2150,708,1777,611,236,281,137,196,26075,1826,24764,1935,745,343,566,374,11900,1259,11719,1283,181,185,0,275,22459,2298,6461,1234,5462,1159,625,376,374,278,12808,1723,11116,1690,653,434,1039,642,3190,999,3190,999,0,275,0,275
0500000US15003,15003,"Honolulu County, Hawaii",309154,3342,173487,3985,12841,1713,11725,1661,964,474,152,140,103517,3648,94919,3482,6225,1222,2373,783,57129,2139,55505,2280,987,446,637,421,135667,4440,45974,2841,41763,2782,2642,910,1569,783,69970,3115,61332,3210,5019,1319,3619,1011,19723,1712,18748,1565,592,426,383,378
0500000US15009,15009,"Maui County, Hawaii",51893,2326,30809,2267,1812,661,1574,658,170,178,68,66,20611,1856,18851,1885,1333,670,427,272,8386,1095,7793,1016,372,366,221,251,21084,2207,6220,1006,4888,866,661,472,671,518,12022,1860,10421,1818,912,539,689,443,2842,839,2772,862,70,123,0,275
0500000US16001,16001,"Ada County, Idaho",149351,2032,100252,2762,15839,1446,15280,1432,352,391,207,172,64022,2312,63214,2316,720,426,88,139,20391,1625,20391,1625,0,267,0,267,49099,2706,22157,2285,20600,2320,1557,766,0,267,21477,2117,21103,2146,112,134,262,353,5465,1126,5168,1089,0,267,297,456
0500000US16027,16027,"Canyon County, Idaho",61699,1918,43173,2001,7173,998,6748,1005,322,300,103,129,25184,1666,23691,1666,1408,522,85,104,10816,983,10781,977,35,58,0,267,18526,1825,7266,1343,6420,1245,782,484,64,107,9586,1383,9229,1349,357,365,0,267,1674,529,1674,529,0,267,0,267
0500000US17031,17031,"Cook County, Illinois",1922125,9303,1127332,10435,130115,4818,125380,4717,3950,841,785,496,708034,8996,690274,8995,14571,1972,3189,854,289183,4576,286892,4615,1819,562,472,339,794793,10166,303904,7189,281969,6966,15236,1994,6699,1654,390462,8138,364380,8052,17098,2171,8984,1903,100427,4568,99286,4520,859,474,282,266
0500000US17043,17043,"DuPage County, Illinois",333295,3498,249431,4090,24365,2101,23589,2150,678,422,98,171,172639,3038,170011,3071,2343,859,285,240,52427,2034,52367,2042,60,97,0,267,83864,3866,32295,2930,29854,2568,1204,800,1237,806,41963,3101,39580,2990,2019,813,364,335,9606,1320,9551,1326,55,94,0,267
0500000US17089,17089,"Kane County, Illinois",169897,2367,130295,3723,16078,1872,15424,1790,554,415,100,116,87952,3120,85987,2854,1314,652,651,485,26265,1454,26195,1463,70,114,0,267,39602,3356,14410,2140,13034,2006,1200,813,176,232,20431,2456,17578,2271,2285,1017,568,430,4761,1006,4702,1003,0,267,59,100
0500000US17097,17097,"Lake County, Illinois",238063,2808,181433,2672,17433,1598,16898,1644,402,318,133,162,127432,2526,125260,2548,1790,706,382,272,36568,1415,36209,1429,108,175,251,259,56630,2819,20102,2102,18377,1992,1687,825,38,64,29171,2127,27492,2061,1378,701,301,283,7357,1202,7207,1197,150,187,0,267
0500000US17111,17111,"McHenry County, Illinois",109064,1520,90367,2266,10312,1279,9880,1257,432,325,0,267,64045,2083,63466,2077,334,225,245,369,16010,996,16010,996,0,267,0,267,18697,2014,6381,983,5509,1051,763,569,109,143,10108,1724,9650,1684,458,391,0,267,2208,704,2208,704,0,267,0,267
0500000US17197,17197,"Will County, Illinois",223108,2427,182449,3150,23921,2452,23596,2431,325,237,0,267,125490,3059,123116,2984,1859,761,515,369,33038,1430,32756,1432,265,219,17,32,40659,2622,12422,1888,11081,1718,1293,737,48,88,23351,2249,22117,2135,888,545,346,322,4886,1002,4886,1002,0,267,0,267
0500000US17201,17201,"Winnebago County, Illinois",111079,2245,75730,2353,7618,1154,7618,1154,0,267,0,267,49441,2215,49119,2228,146,143,176,171,18671,1333,18671,1333,0,267,0,267,35349,2295,12523,1668,11896,1713,627,402,0,267,16453,1841,15921,1810,532,434,0,267,6373,1035,6318,1031,55,93,0,267
0500000US18089,18089,"Lake County, Indiana",183558,3352,126032,3572,12805,1563,12365,1559,220,228,220,264,78549,3463,77660,3409,637,335,252,209,34678,1600,34426,1562,116,141,136,164,57526,3338,20343,1893,19106,1856,905,513,332,322,30271,2527,28132,2475,1938,813,201,195,6912,1148,6912,1148,0,267,0,267
0500000US18097,18097,"Marion County, Indiana",355438,5063,204452,4337,28241,1958,27910,1943,331,331,0,267,129515,3906,127616,3893,1899,746,0,267,46696,1815,46551,1843,102,119,43,71,150986,4400,64310,3790,60382,3942,3023,1015,905,558,69736,3571,68587,3572,941,437,208,186,16940,1513,16768,1519,172,216,0,267
0500000US19153,19153,"Polk County, Iowa",171055,2454,119271,2714,22560,1471,22066,1548,419,420,75,123,73478,2277,72835,2250,442,355,201,185,23233,1150,23233,1150,0,228,0,228,51784,2876,22499,2088,21563,2148,618,413,318,273,23546,2324,22647,2347,357,228,542,506,5739,1085,5739,1085,0,228,0,228
0500000US20091,20091,"Johnson County, Kansas",211193,2541,150631,2888,22145,1619,22013,1595,132,156,0,248,99527,2560,99359,2559,168,161,0,248,28959,1419,28959,1419,0,248,0,248,60562,2797,25446,2054,24625,2088,359,293,462,366,26280,2206,25651,2240,629,425,0,248,8836,1200,8836,1200,0,248,0,248
0500000US20173,20173,"Sedgwick County, Kansas",190444,2719,125023,3391,18456,1516,18096,1499,285,265,75,123,78286,2616,76878,2730,1282,575,126,154,28281,1550,28221,1548,60,100,0,248,65421,3483,28639,2118,27829,2074,479,365,331,283,29182,2557,28294,2496,573,350,315,350,7600,1133,7546,1124,0,248,54,90
0500000US20209,20209,"Wyandotte County, Kansas",54411,1655,33557,1935,4357,823,4150,792,207,156,0,248,20779,1675,20255,1691,353,271,171,157,8421,879,8299,886,122,116,0,248,20854,1924,7883,1138,7135,1218,561,367,187,262,10286,1525,9800,1465,486,358,0,248,2685,738,2685,738,0,248,0,248
0500000US21111,21111,"Jefferson County, Kentucky",306177,3506,191794,4172,23581,1932,23389,1956,192,154,0,271,119106,3334,117976,3279,988,672,142,166,49107,2072,49107,2072,0,271,0,271,114383,4560,45736,2867,44223,2783,1353,590,160,191,55524,3401,54389,3405,991,576,144,159,13123,1449,12972,1447,74,119,77,91
0500000US22017,22017,"Caddo Parish, Louisiana",98886,2302,60686,2497,6165,1256,6165,1256,0,281,0,281,36875,2007,36304,1959,472,386,99,156,17646,1119,17436,1094,210,202,0,281,38200,2654,15736,1997,15147,1988,409,337,180,227,18186,1912,17276,2005,657,396,253,312,4278,855,4278,855,0,281,0,281
0500000US22019,22019,"Calcasieu Parish, Louisiana",73459,2078,54555,2069,7671,1036,7230,1121,359,316,82,119,33518,1803,33187,1801,176,139,155,155,13366,1071,13366,1071,0,281,0,281,18904,2002,8114,1375,7586,1443,528,484,0,281,8733,1376,8733,1376,0,281,0,281,2057,776,2057,776,0,281,0,281
0500000US22033,22033,"East Baton Rouge Parish, Louisiana",165646,3103,101199,3198,12780,1702,12290,1573,420,401,70,115,63830,2550,63138,2604,542,284,150,146,24589,1464,24403,1494,186,155,0,281,64447,3559,32827,2409,31234,2358,1419,640,174,172,25723,2445,24721,2421,520,316,482,475,5897,1074,5748,1074,0,281,149,237
0500000US22051,22051,"Jefferson Parish, Louisiana",166696,2812,106180,2843,9732,1351,9420,1312,162,158,150,221,65569,2452,64456,2598,1060,638,53,86,30879,1473,30723,1483,156,167,0,281,60516,3199,22642,2140,20752,2092,1641,682,249,249,31155,2358,29094,2300,1384,761,677,440,6719,889,6671,885,0,281,48,78
0500000US22071,22071,"Orleans Parish, Louisiana",142093,3457,71457,2896,7271,1281,6872,1221,399,275,0,281,45936,2337,45386,2337,506,377,44,75,18250,1204,17904,1173,315,304,31,54,70636,4016,28929,2641,26979,2503,1228,706,722,534,34210,2569,31353,2619,2044,718,813,376,7497,1101,7430,1115,67,112,0,281
0500000US22105,22105,"Tangipahoa Parish, Louisiana",43228,2234,28350,2141,3497,904,3497,904,0,281,0,281,17298,1565,16779,1473,432,355,87,88,7555,874,7555,874,0,281,0,281,14878,2200,6474,1637,6252,1651,222,195,0,281,6560,1361,5909,1396,463,360,188,266,1844,700,1844,700,0,281,0,281
0500000US24003,24003,"Anne Arundel County, Maryland",197569,2849,146744,3570,17247,2036,17108,2053,139,230,0,289,96728,2740,95946,2683,782,574,0,289,32769,1623,32553,1564,161,157,55,92,50825,3107,18157,1917,17083,1976,999,720,75,120,27328,2323,26224,2385,1052,651,52,84,5340,1178,5340,1178,0,289,0,289
0500000US24005,24005,"Baltimore County, Maryland",315975,3589,206222,5217,20817,2082,20817,2082,0,289,0,289,131440,4077,130463,3990,924,436,53,92,53965,2313,53883,2322,82,97,0,289,109753,4775,37916,2742,36778,2755,947,599,191,194,53002,4040,50767,3847,1880,817,355,282,18835,1948,18835,1948,0,289,0,289
0500000US24031,24031,"Montgomery County, Maryland",359476,2836,238022,4307,18253,1681,17551,1607,562,462,140,229,162601,3877,159720,3859,2431,763,450,438,57168,2176,56775,2198,206,170,187,293,121454,4093,44058,2774,41747,2741,1524,791,787,527,62143,4337,59416,4325,2040,829,687,396,15253,1785,15118,1787,0,289,135,153
0500000US24033,24033,"Prince George's County, Maryland",301923,3120,189330,4020,19028,2214,18882,2164,146,239,0,289,132342,3671,129870,3542,2027,775,445,320,37960,1729,37564,1747,396,391,0,289,112593,4225,40543,3289,36829,3161,2794,855,920,448,61394,3694,58264,3718,2302,734,828,534,10656,1367,10613,1352,43,71,0,289
0500000US24510,24510,"Baltimore city, Maryland",237945,4515,109283,3391,14889,1568,14463,1468,380,409,46,75,63289,2938,62106,2878,1071,454,112,133,31105,1982,31105,1982,0,289,0,289,128662,4596,44644,2813,42895,2684,1190,538,559,382,63744,3400,61706,3341,1049,532,989,563,20274,2265,20033,2247,0,289,241,251
0500000US25005,25005,"Bristol County, Massachusetts",209996,2634,130791,3408,10637,1450,10499,1403,138,160,0,285,87747,3071,87227,3052,520,355,0,285,32407,1778,32262,1778,145,141,0,285,79205,3412,22543,2300,22384,2287,108,175,51,83,42488,3103,40936,3125,1151,617,401,382,14174,1669,14174,1669,0,285,0,285
0500000US25009,25009,"Essex County, Massachusetts",285158,2770,182604,3787,15615,1623,15495,1599,120,144,0,285,122775,3301,122068,3377,586,319,121,140,44214,2016,44214,2016,0,285,0,285,102554,4109,27027,2092,25663,2125,699,436,665,406,54171,3541,52943,3551,621,433,607,356,21356,1595,21110,1680,186,306,60,101
0500000US25013,25013,"Hampden County, Massachusetts",180328,2592,110439,3261,9836,1505,9646,1511,112,132,78,134,70942,2725,70712,2749,0,285,230,206,29661,1437,29543,1457,38,67,80,94,69889,3109,21386,2103,19430,2137,1412,692,544,443,37046,2851,35452,2979,1307,593,287,329,11457,1334,11416,1333,0,285,41,67
0500000US25017,25017,"Middlesex County, Massachusetts",576710,4223,360564,5673,30828,2195,30490,2201,294,363,44,75,241411,4693,238869,4826,1710,617,832,551,88325,2669,88243,2666,0,285,82,139,216146,5847,79086,3321,76989,3320,1505,706,592,417,104659,4727,101240,4808,2830,985,589,427,32401,2359,31907,2356,341,360,153,217
0500000US25021,25021,"Norfolk County, Massachusetts",256446,3260,178523,4122,15201,1707,15099,1708,0,285,102,170,119037,3356,118465,3446,508,319,64,103,44285,2306,44285,2306,0,285,0,285,77923,3524,23787,2211,22742,2173,310,318,735,638,36809,3047,35635,2995,839,462,335,360,17327,1838,17260,1846,67,110,0,285
0500000US25025,25025,"Suffolk County, Massachusetts",285759,4680,96719,3678,13428,1571,12719,1473,540,350,169,207,60042,2826,58362,2825,1359,602,321,256,23249,1591,23249,1591,0,285,0,285,189040,4953,83633,3855,81058,3802,1486,583,1089,559,79132,3590,76263,3668,1903,736,966,508,26275,1922,26051,1924,0,285,224,245
0500000US25027,25027,"Worcester County, Massachusetts",296295,4387,193525,3820,16107,1521,16008,1531,99,113,0,285,135492,3374,134769,3373,434,312,289,221,41926,1729,41805,1738,0,285,121,174,102770,4283,31941,2736,31138,2671,549,442,254,410,50991,3131,49263,3108,1662,976,66,109,19838,1811,19838,1811,0,285,0,285
0500000US26021,26021,"Berrien County, Michigan",59915,2210,44166,1842,3892,722,3702,660,190,186,0,244,26100,1456,25780,1492,236,165,84,103,14174,1003,14133,1002,0,244,41,67,15749,1776,5052,957,4609,933,443,318,0,244,8488,1340,7619,1247,656,486,213,326,2209,623,2209,623,0,244,0,244
0500000US26049,26049,"Genesee County, Michigan",166539,2790,116438,2822,13395,1677,13015,1668,380,331,0,244,72007,2325,71015,2375,904,516,88,106,31036,1437,30989,1438,0,244,47,77,50101,2783,17495,2224,17038,2203,457,370,0,244,26384,2022,26102,2043,188,184,94,153,6222,1067,6222,1067,0,244,0,244
0500000US26081,26081,"Kent County, Michigan",227443,2716,160866,3181,25486,1680,25037,1600,326,329,123,194,101515,2530,100665,2519,766,321,84,97,33865,1501,33764,1505,101,125,0,244,66577,2930,28096,2249,27069,2299,820,563,207,204,30240,2500,29054,2534,746,454,440,466,8241,1299,8160,1289,0,244,81,97
0500000US26099,26099,"Macomb County, Michigan",332628,2861,255768,3835,28747,2023,28100,2006,521,396,126,150,162561,3435,160792,3552,1502,566,267,186,64460,2115,64411,2096,0,244,49,80,76860,3503,25166,2080,24610,2059,387,332,169,223,38530,3036,36553,2924,1694,573,283,223,13164,1591,13164,1591,0,244,0,244
0500000US26125,26125,"Oakland County, Michigan",482286,4240,344475,4979,36235,2261,35913,2258,322,203,0,244,227344,3968,225403,4007,1847,632,94,107,80896,2289,80794,2285,102,117,0,244,137811,4736,43770,2920,42883,2849,707,455,180,183,72143,3953,70452,3979,1478,623,213,277,21898,2074,21793,2075,0,244,105,120
0500000US26163,26163,"Wayne County, Michigan",675079,6231,441282,6441,42899,2780,41960,2714,829,447,110,130,278428,5974,273397,5802,4479,946,552,319,119955,3187,119492,3257,288,259,175,204,233797,6265,71201,4028,67376,3872,1854,843,1971,750,128805,5058,123117,4982,3508,1003,2180,749,33791,1839,33068,1795,97,118,626,593
0500000US27003,27003,"Anoka County, Minnesota",121547,1549,100067,2114,15273,1308,15154,1327,0,211,119,119,67558,1597,66553,1692,585,396,420,405,17236,827,17236,827,0,211,0,211,21480,1836,7107,1223,6605,1227,502,406,0,211,11165,1298,10546,1221,513,350,106,126,3208,511,3179,518,29,49,0,211
0500000US27037,27037,"Dakota County, Minnesota",152773,1978,114994,2130,14836,1274,14836,1274,0,211,0,211,80020,1942,79267,1971,704,361,49,87,20138,1219,20138,1219,0,211,0,211,37779,2355,14400,1806,13411,1840,733,424,256,351,17324,1841,16446,1800,399,285,479,416,6055,932,6055,932,0,211,0,211
0500000US27053,27053,"Hennepin County, Minnesota",472543,4081,302373,4103,42425,2356,41824,2365,493,418,108,126,195259,3422,192748,3628,1749,505,762,433,64689,1836,64540,1827,103,133,46,72,170170,5000,77469,3256,74298,3257,2287,759,884,540,73383,3459,69373,3444,3059,861,951,550,19318,1643,19217,1654,54,94,47,76
0500000US27123,27123,"Ramsey County, Minnesota",202678,2795,122861,2997,16390,1268,15751,1211,459,269,180,168,77657,2454,76083,2425,1286,621,288,239,28814,1613,28772,1630,42,69,0,211,79817,3072,34752,2177,31849,2346,2096,862,807,611,33832,2386,31805,2383,1182,580,845,528,11233,1414,11149,1417,84,97,0,211
0500000US28049,28049,"Hinds County, Mississippi",87276,2153,54453,2583,5759,1250,5565,1246,0,287,194,256,35324,2040,34550,2017,564,404,210,212,13370,1011,13306,991,0,287,64,106,32823,2184,13203,1584,12600,1583,463,263,140,175,15875,1862,15177,1825,523,348,175,226,3745,883,3745,883,0,287,0,287
0500000US29095,29095,"Jackson County, Missouri",268583,3661,164875,3836,22444,1853,22103,1786,280,290,61,102,101318,3083,100650,3102,562,413,106,126,41113,1770,40849,1783,264,328,0,259,103708,3860,39464,2798,37655,2692,1396,739,413,303,49631,2919,47944,2804,969,650,718,487,14613,1506,14613,1506,0,259,0,259
0500000US29183,29183,"St. Charles County, Missouri",133715,1855,107068,2422,15461,1656,15250,1678,211,210,0,259,70379,1752,69572,1690,545,332,262,286,21228,1238,20954,1152,274,267,0,259,26647,2507,10383,1564,10297,1560,86,141,0,259,11497,1596,11006,1607,491,376,0,259,4767,904,4767,904,0,259,0,259
0500000US29189,29189,"St. Louis County, Missouri",402451,4223,288771,4943,28354,2136,28283,2131,71,118,0,259,183395,3753,181992,3700,1031,460,372,305,77022,2286,76856,2277,166,155,0,259,113680,4485,46853,2975,45912,3077,785,522,156,201,50044,3369,49067,3378,935,442,42,45,16783,1814,16769,1814,14,24,0,259
0500000US29510,29510,"St. Louis city, Missouri",142152,3236,64269,2719,10235,1444,10145,1427,90,113,0,259,38863,2160,38360,2134,503,310,0,259,15171,1081,15127,1090,44,74,0,259,77883,3494,31269,2601,30129,2573,902,492,238,268,36865,2370,35620,2273,893,524,352,488,9749,1193,9335,1135,97,119,317,407
0500000US31055,31055,"Douglas County, Nebraska",202701,2892,127644,3220,21723,1759,20849,1660,796,547,78,135,78732,2351,77701,2366,869,462,162,259,27189,1881,27189,1881,0,228,0,228,75057,3145,33542,2547,31979,2452,1289,607,274,300,32570,2221,31704,2208,406,323,460,338,8945,1253,8755,1211,190,246,0,228
0500000US31109,31109,"Lancaster County, Nebraska",114649,1751,68191,2101,10655,1322,10518,1338,71,117,66,111,42805,1650,42325,1633,469,320,11,18,14731,881,14731,881,0,228,0,228,46458,2318,24877,2064,23424,2142,1453,790,0,228,15923,1821,14973,1773,542,382,408,373,5658,868,5658,868,0,228,0,228
0500000US32003,32003,"Clark County, Nevada",698955,6226,384368,7446,49913,3522,47956,3380,1656,655,301,236,239856,5772,233772,5574,4584,1111,1500,696,94599,3235,94101,3159,367,273,131,159,314587,6939,111010,5091,99384,4822,8233,1577,3393,880,168127,5934,155690,5687,7232,1521,5205,1474,35450,2769,34672,2679,452,317,326,366
0500000US32031,32031,"Washoe County, Nevada",163220,3189,93903,3411,11441,1775,11383,1789,0,309,58,95,58973,2893,57456,2858,1268,586,249,263,23489,1890,23449,1886,0,309,40,68,69317,3562,25772,2056,23908,2010,1738,717,126,210,35808,2953,33328,2919,1577,839,903,471,7737,1290,7737,1290,0,309,0,309
0500000US33011,33011,"Hillsborough County, New Hampshire",152652,3403,103983,2997,10907,1475,10864,1474,43,71,0,257,71887,2280,70968,2206,621,511,298,300,21189,1443,21189,1443,0,257,0,257,48669,2967,15442,2151,14436,2060,725,448,281,259,26075,2338,25431,2261,644,428,0,257,7152,1184,7152,1184,0,257,0,257
0500000US34003,34003,"Bergen County, New Jersey",333002,2606,220179,4057,14101,1770,13797,1754,110,131,194,243,143545,3561,142150,3591,1352,420,43,73,62533,2271,62533,2271,0,281,0,281,112823,4182,30344,2629,28929,2574,1140,637,275,285,63459,3662,60180,3794,2331,850,948,531,19020,1922,18918,1918,63,109,39,67
0500000US34007,34007,"Camden County, New Jersey",189895,2553,127365,3240,14081,1809,14081,1809,0,281,0,281,84431,2448,83335,2408,865,501,231,199,28853,1848,28682,1837,79,107,92,148,62530,2826,19054,1935,18005,1898,532,358,517,399,32208,2519,30708,2510,1194,683,306,283,11268,1457,11167,1414,0,281,101,158
0500000US34011,34011,"Cumberland County, New Jersey",50237,2022,33219,1752,3190,739,3169,739,21,37,0,281,20940,1430,20568,1473,372,266,0,281,9089,778,8984,780,0,281,105,175,17018,1969,5282,1045,4275,1057,537,372,470,470,8863,1529,8017,1499,727,453,119,128,2873,745,2873,745,0,281,0,281
0500000US34013,34013,"Essex County, New Jersey",275417,3883,127663,3934,9172,1310,9172,1310,0,281,0,281,85528,3305,83074,3268,1589,599,865,505,32963,2143,32919,2144,0,281,44,69,147754,4679,41476,2759,37049,2864,2698,782,1729,778,84037,3821,76603,3766,2967,815,4467,1058,22241,2018,21686,1976,96,157,459,308
0500000US34017,34017,"Hudson County, New Jersey",238692,3159,80579,4177,12005,1899,11190,1793,458,348,357,378,49749,3169,47045,3056,1933,803,771,500,18825,1924,18596,1866,229,283,0,281,158113,4430,50610,2522,46715,2591,2529,768,1366,586,85525,3813,75633,3736,6036,1342,3856,984,21978,1879,21389,1867,102,161,487,460
0500000US34021,34021,"Mercer County, New Jersey",131500,1684,88812,2758,8014,1235,7787,1220,227,217,0,281,59567,2136,58800,2107,767,540,0,281,21231,1460,21100,1459,58,98,73,119,42688,2789,12506,1543,11430,1574,528,336,548,545,23179,2233,21453,1997,1262,600,464,365,7003,1126,6961,1121,42,69,0,281
0500000US34023,34023,"Middlesex County, New Jersey",278877,3139,185748,3897,14488,1702,13999,1682,280,231,209,229,125446,2929,123444,2989,1557,625,445,274,45814,1877,45698,1857,116,149,0,281,93129,3551,32282,2657,29753,2629,1414,641,1115,663,49140,2901,44350,3006,3427,917,1363,554,11707,1509,11568,1520,0,281,139,167
0500000US34025,34025,"Monmouth County, New Jersey",234582,2773,176443,3303,11774,1337,11535,1334,239,222,0,281,121794,2522,121039,2535,569,305,186,181,42875,1437,42712,1447,163,188,0,281,58139,3331,15970,1856,14687,1822,704,443,579,371,30286,2460,28901,2359,515,399,870,704,11883,1487,11698,1451,29,53,156,264
0500000US34029,34029,"Ocean County, New Jersey",220972,3427,180097,3395,13817,1652,13616,1642,109,133,92,146,97210,3036,96106,2983,658,295,446,344,69070,1891,68939,1900,79,130,52,86,40875,2935,12383,1651,10906,1616,845,432,632,635,21018,2351,19747,2270,812,396,459,465,7474,1281,7474,1281,0,281,0,281
0500000US34031,34031,"Passaic County, New Jersey",161527,2158,87721,2734,7037,1255,6582,1183,187,195,268,358,58522,2715,55112,2750,1446,551,1964,972,22162,1698,21921,1657,82,145,159,260,73806,2685,19447,2303,14641,2110,583,515,4223,1208,44327,2653,33226,2433,2604,724,8497,1680,10032,1351,9521,1337,0,281,511,386
0500000US34039,34039,"Union County, New Jersey",183882,2025,112626,3173,8870,1176,8587,1212,283,191,0,281,74664,2928,71469,2973,1417,571,1778,847,29092,1774,28851,1800,241,259,0,281,71256,2872,18034,1862,13442,1734,1224,612,3368,1184,42195,2918,32695,2572,1797,792,7703,1317,11027,1345,10665,1285,134,159,228,240
0500000US35001,35001,"Bernalillo County, New Mexico",264189,2768,166256,3919,20655,2051,20317,2077,338,234,0,285,104465,3068,102539,3235,1726,799,200,198,41136,1941,40839,1954,129,153,168,162,97933,3779,43095,2985,40444,2951,1562,621,1089,659,44117,2701,43000,2602,820,595,297,209,10721,1467,10721,1467,0,285,0,285
0500000US35013,35013,"Do�a Ana County, New Mexico",73614,1862,46330,2366,5248,1114,5054,1083,153,252,41,71,28050,1948,26740,1878,1266,685,44,75,13032,997,12845,1003,187,227,0,285,27284,2634,12928,1904,11418,1806,1246,757,264,315,11379,1835,10476,1726,746,537,157,186,2977,813,2868,794,0,285,109,134
0500000US35031,35031,"McKinley County, New Mexico",17100,1017,12132,1077,755,406,561,351,0,285,194,220,7989,1000,6823,1003,806,468,360,228,3388,543,3268,530,30,45,90,89,4968,985,1009,438,948,422,61,73,0,285,3109,871,2654,808,70,73,385,334,850,374,850,374,0,285,0,285
0500000US35043,35043,"Sandoval County, New Mexico",47217,1047,38067,1589,4597,844,4277,911,276,291,44,57,25157,1442,24749,1429,273,163,135,97,8313,688,7992,683,110,142,211,231,9150,1569,3104,1039,3025,1029,79,100,0,285,4987,1203,4782,1203,166,147,39,46,1059,404,1049,402,10,16,0,285
0500000US35045,35045,"San Juan County, New Mexico",41703,1237,29328,1715,3475,830,3236,820,188,164,51,69,18332,1317,17039,1346,872,474,421,331,7521,695,7411,669,26,46,84,87,12375,1588,4592,1015,3655,929,717,503,220,268,6675,1395,5965,1383,353,359,357,368,1108,440,1069,435,39,64,0,285
0500000US36001,36001,"Albany County, New York",120485,2595,68732,2293,5933,1182,5896,1174,37,61,0,275,43691,2025,43565,2047,126,213,0,275,19108,1487,19108,1487,0,275,0,275,51753,2455,17231,1869,16734,1809,251,243,246,235,27068,2236,25586,2236,919,658,563,504,7454,1228,7454,1228,0,275,0,275
0500000US36005,36005,"Bronx County, New York",471912,4085,88493,3779,5939,1240,5716,1243,90,106,133,165,55724,3198,52556,3092,1963,776,1205,544,26830,2247,26830,2247,0,275,0,275,383419,5070,90268,3546,74599,3789,9043,1401,6626,1437,231116,4704,194359,4982,24775,2535,11982,1737,62035,2889,59698,2857,1289,621,1048,490
0500000US36027,36027,"Dutchess County, New York",106934,2200,75439,2399,5906,1073,5719,1056,187,296,0,275,51232,2136,50920,2161,148,142,164,140,18301,1285,18301,1285,0,275,0,275,31495,2443,8469,1440,8065,1464,248,254,156,257,16746,2071,16075,2173,580,448,91,106,6280,973,6218,984,0,275,62,107
0500000US36029,36029,"Erie County, New York",376954,4138,244018,5335,20507,1872,20086,1830,421,378,0,275,153374,3942,153113,3970,217,198,44,74,70137,2238,70137,2238,0,275,0,275,132936,4249,47766,3000,46710,2971,749,476,307,335,62315,3552,61715,3548,443,383,157,153,22855,1810,22855,1810,0,275,0,275
0500000US36047,36047,"Kings County, New York",905317,5879,273500,6886,26543,2605,24079,2456,1445,619,1019,481,175653,5578,162600,4964,10245,1595,2808,863,71304,3337,69502,3187,831,449,971,473,631817,7694,185986,6113,157382,6037,18684,2344,9920,1469,339156,6653,288699,5918,33590,2755,16867,2257,106675,4082,102908,3980,2048,647,1719,576
0500000US36055,36055,"Monroe County, New York",294661,3552,193344,3629,20649,1711,20485,1675,164,135,0,275,124499,3113,124090,3148,364,259,45,72,48196,1671,47979,1646,217,220,0,275,101317,4042,35465,2536,34620,2619,634,474,211,239,48717,3231,47284,3195,1029,470,404,351,17135,1646,17068,1638,0,275,67,111
0500000US36059,36059,"Nassau County, New York",442729,3469,355151,5418,24284,2327,23281,2213,808,424,195,240,234300,4278,230405,4543,3113,870,782,481,96567,2758,96384,2780,137,140,46,75,87578,4563,20777,2568,18639,2413,928,607,1210,771,47442,3632,44021,3547,2700,970,721,778,19359,1928,19146,1925,120,147,93,157
0500000US36061,36061,"New York County, New York",726090,7394,161647,5424,18003,2155,17550,2159,164,158,289,289,103819,4412,100312,4448,2063,798,1444,782,39825,2628,39568,2664,0,275,257,213,564443,8306,185084,5303,174166,5250,5081,1377,5837,1469,270332,5922,246647,6059,14365,2157,9320,1656,109027,3740,104903,3853,1634,747,2490,998
0500000US36071,36071,"Orange County, New York",124627,2250,86212,2630,7019,1136,6684,1135,335,215,0,275,60610,2281,59438,2326,743,392,429,240,18583,1388,18583,1388,0,275,0,275,38415,2363,11761,1948,10607,1816,356,304,798,433,20333,1868,18134,1970,1278,646,921,582,6321,1061,6165,1075,0,275,156,243
0500000US36081,36081,"Queens County, New York",772332,4924,338609,6937,28480,2379,27163,2308,1198,511,119,198,216302,6219,203664,6096,10159,1667,2479,781,93827,3851,92484,3782,990,434,353,289,433723,7222,118987,4556,104804,4750,8132,1576,6051,1236,248163,5617,211872,5394,22856,2643,13435,1875,66573,3644,63811,3613,1388,612,1374,511
0500000US36085,36085,"Richmond County, New York",163816,2106,114045,3340,11645,1466,11066,1458,542,470,37,63,76574,2837,74870,2875,1255,616,449,355,25826,1503,25826,1503,0,275,0,275,49771,3189,14889,1792,12878,1666,1462,786,549,449,25944,2603,23654,2540,1927,859,363,343,8938,1275,8938,1275,0,275,0,275
0500000US36087,36087,"Rockland County, New York",98207,1956,68272,2427,5355,1157,5054,1132,243,237,58,99,44142,2046,43272,2088,658,351,212,217,18775,1183,18430,1200,157,162,188,298,29935,2298,8960,1427,6883,1302,1427,577,650,355,15610,1829,14012,1808,1206,513,392,400,5365,988,5365,988,0,275,0,275
0500000US36103,36103,"Suffolk County, New York",496266,4614,393733,6445,27869,2924,27022,2809,735,514,112,183,266389,4548,262772,4381,2843,747,774,468,99475,2744,99274,2768,201,209,0,275,102533,5408,26525,2685,23956,2535,1496,882,1073,714,57665,4560,53925,4478,2610,1058,1130,728,18343,2042,18286,2046,0,275,57,97
0500000US36119,36119,"Westchester County, New York",344475,3523,217638,3935,12326,1202,12058,1177,211,226,57,94,143260,3721,140363,3843,2580,889,317,270,62052,2609,61887,2626,165,211,0,275,126837,4446,31505,2402,26445,2386,3041,945,2019,692,73543,3844,65575,3849,5656,1220,2312,939,21789,2051,21342,2096,0,275,447,422
0500000US37063,37063,"Durham County, North Carolina",107352,2738,59277,2690,9628,1397,9044,1387,584,386,0,289,36780,2218,36628,2229,152,152,0,289,12869,1135,12869,1135,0,289,0,289,48075,2841,23672,2241,22279,2222,933,522,460,383,20960,2380,19745,2426,929,586,286,308,3443,896,3443,896,0,289,0,289
0500000US37067,37067,"Forsyth County, North Carolina",137777,2884,89803,3031,9303,1293,9303,1293,0,289,0,289,57180,2459,56338,2462,573,402,269,235,23320,1282,23262,1286,58,97,0,289,47974,3236,17867,2104,16922,2159,888,528,57,109,24346,2403,22799,2358,1403,569,144,138,5761,821,5761,821,0,289,0,289
0500000US37071,37071,"Gaston County, North Carolina",78613,2090,52509,2316,5408,1133,5088,1075,320,318,0,289,33959,2045,33293,2049,666,441,0,289,13142,1065,13079,1052,0,289,63,103,26104,2239,8085,1326,7617,1265,44,75,424,402,14963,1904,13869,1822,804,471,290,330,3056,676,2887,646,0,289,169,218
0500000US37081,37081,"Guilford County, North Carolina",191693,3775,117229,3135,12752,1592,12370,1515,335,402,47,77,72897,2131,72226,2131,414,323,257,269,31580,1637,31580,1637,0,289,0,289,74464,4053,29058,2804,27940,2781,830,573,288,289,38333,3050,36523,2981,1411,769,399,337,7073,1230,6950,1204,71,118,52,86
0500000US37119,37119,"Mecklenburg County, North Carolina",356627,3986,218986,5404,34231,2481,34172,2488,59,98,0,289,145898,4156,143282,4001,2318,994,298,289,38857,2076,38795,2086,62,103,0,289,137641,4851,60876,3613,56957,3384,3001,983,918,708,65011,3943,62616,3969,1570,704,825,562,11754,1552,11754,1552,0,289,0,289
0500000US37183,37183,"Wake County, North Carolina",338054,3843,224624,3870,32880,2542,32057,2465,324,435,499,486,154914,3085,153426,3192,1043,616,445,419,36830,1546,36723,1545,107,95,0,289,113430,3980,50810,2787,47540,2832,2798,1092,472,385,52346,2983,50264,3100,1934,764,148,243,10274,1444,10274,1444,0,289,0,289
0500000US39035,39035,"Cuyahoga County, Ohio",529942,5335,327846,5090,30263,2287,30164,2283,99,83,0,269,201243,4346,200240,4308,959,469,44,72,96340,2517,96262,2510,62,83,16,27,202096,5785,67258,3382,65598,3623,896,716,764,481,101802,4569,100305,4590,1019,502,478,347,33036,2053,32850,2040,66,110,120,141
0500000US39049,39049,"Franklin County, Ohio",462716,4736,256506,5386,38280,2529,37445,2543,719,415,116,137,161998,4447,159936,4429,1770,530,292,215,56228,2261,56228,2261,0,269,0,269,206210,6028,93430,4244,90053,4255,2545,1016,832,387,93459,4856,89217,4753,3336,934,906,522,19321,1675,19212,1635,109,179,0,269
0500000US39061,39061,"Hamilton County, Ohio",324915,4998,197738,4823,24109,2149,23787,2098,266,266,56,70,122648,3346,121619,3375,921,541,108,130,50981,1975,50981,1975,0,269,0,269,127177,5312,46493,2750,43764,2590,1798,760,931,497,60586,3410,58089,3270,1805,742,692,502,20098,1735,20030,1730,0,269,68,111
0500000US39153,39153,"Summit County, Ohio",219997,3384,151913,3437,16249,1683,16177,1676,72,89,0,269,94871,2805,94122,2738,594,342,155,90,40793,1619,40793,1619,0,269,0,269,68084,3681,22510,2224,21449,2234,983,520,78,123,34049,2293,33541,2277,323,324,185,177,11525,1374,11476,1373,49,83,0,269
0500000US40027,40027,"Cleveland County, Oklahoma",95609,2583,64086,2424,12857,1334,12553,1318,240,235,64,114,37851,1781,36961,1661,890,546,0,253,13378,925,13378,925,0,253,0,253,31523,2512,15813,2067,14778,1954,679,564,356,332,13403,1825,12625,1868,679,627,99,165,2307,617,2307,617,0,253,0,253
0500000US40109,40109,"Oklahoma County, Oklahoma",277615,3804,172210,3945,24290,2361,23650,2284,547,404,93,110,102304,3173,100181,3049,1823,676,300,221,45616,1738,45473,1723,86,144,57,92,105405,4274,46976,3015,44827,2957,1426,498,723,451,47457,3239,45602,3254,1415,486,440,339,10972,1533,10860,1514,64,111,48,76
0500000US40143,40143,"Tulsa County, Oklahoma",239654,3117,149519,3125,21690,1722,20941,1734,645,449,104,121,90220,3190,88621,3052,1319,490,280,314,37609,1504,37445,1506,106,121,58,95,90135,4283,33995,2469,31986,2621,1391,648,618,448,45443,3186,43424,3092,1859,796,160,171,10697,1453,10622,1454,37,61,38,64
0500000US41005,41005,"Clackamas County, Oregon",143814,2564,100154,2715,8642,1308,8004,1289,638,530,0,277,66849,2348,66030,2371,665,482,154,188,24663,1498,24663,1498,0,277,0,277,43660,3098,15912,2190,14765,1996,1083,716,64,108,21124,2143,19513,2174,1412,694,199,237,6624,1163,6624,1163,0,277,0,277
0500000US41039,41039,"Lane County, Oregon",144923,2865,87193,3257,8633,1308,8448,1327,185,183,0,277,52702,2494,52358,2554,312,218,32,53,25858,1852,25793,1849,0,277,65,108,57730,3130,25597,1988,24707,1953,697,444,193,310,25644,2046,24678,2133,578,462,388,421,6489,1209,6434,1197,55,91,0,277
0500000US41047,41047,"Marion County, Oregon",114347,2062,70073,2458,7967,1285,7292,1305,280,303,395,400,42086,2063,40556,2029,1235,470,295,214,20020,1379,20020,1379,0,277,0,277,44274,2565,17386,1486,15032,1387,1513,675,841,658,21301,2385,19654,2214,1480,835,167,165,5587,1064,5587,1064,0,277,0,277
0500000US41051,41051,"Multnomah County, Oregon",302060,3197,163988,3263,21024,1988,19761,1899,1148,570,115,98,108939,2854,106098,2777,2271,918,570,366,34025,1704,33907,1694,80,94,38,58,138072,3533,60301,2818,57402,2851,1741,835,1158,507,61190,3287,58092,3279,2150,790,948,451,16581,1719,16225,1772,138,158,218,293
0500000US41067,41067,"Washington County, Oregon",199027,2688,123068,3359,16183,1973,15872,1974,251,260,60,98,82770,3005,81238,2928,1115,605,417,424,24115,1397,24041,1414,74,121,0,277,75959,3619,29290,2084,27389,2035,1734,779,167,268,37180,2956,35769,2853,1068,589,343,407,9489,1242,9489,1242,0,277,0,277
0500000US42003,42003,"Allegheny County, Pennsylvania",519191,6132,345963,5906,35226,2732,35099,2730,127,146,0,246,208099,4039,207514,4049,502,289,83,77,102638,2583,102329,2540,240,281,69,114,173228,6001,60639,4319,59907,4253,405,387,327,336,80349,3786,78987,3669,958,504,404,325,32240,2278,32033,2262,0,246,207,338
0500000US42017,42017,"Bucks County, Pennsylvania",227393,3142,179862,2983,14887,1244,14680,1284,100,119,107,121,122115,2886,121738,2853,142,140,235,171,42860,1853,42767,1869,93,109,0,246,47531,2844,12587,1535,11934,1553,553,334,100,130,24350,2541,23554,2521,324,243,472,399,10594,1410,10541,1411,53,90,0,246
0500000US42029,42029,"Chester County, Pennsylvania",184160,2702,139509,2927,13187,1446,13113,1441,44,82,30,50,94722,2318,94028,2362,534,317,160,166,31600,1332,31523,1330,77,127,0,246,44651,2867,16389,1776,15257,1841,637,543,495,465,20370,1888,19576,1836,646,448,148,252,7892,1099,7892,1099,0,246,0,246
0500000US42045,42045,"Delaware County, Pennsylvania",206516,2504,145416,3446,12568,1623,12354,1623,159,250,55,92,95340,2297,94177,2334,1019,484,144,161,37508,1885,37508,1885,0,246,0,246,61100,3184,19971,2063,19196,2034,558,447,217,271,29496,2570,29228,2553,37,63,231,198,11633,1415,11388,1386,0,246,245,224
0500000US42071,42071,"Lancaster County, Pennsylvania",194028,1883,134960,2919,15930,1359,15901,1353,29,48,0,246,85826,2387,84563,2339,1013,508,250,196,33204,1804,33204,1804,0,246,0,246,59068,2822,20787,1746,20342,1755,409,276,36,60,25058,2298,24300,2314,364,295,394,404,13223,1512,12820,1499,0,246,403,433
0500000US42091,42091,"Montgomery County, Pennsylvania",308233,3022,224995,4145,21810,2163,21810,2163,0,246,0,246,148542,2997,147922,2999,425,306,195,188,54643,2038,54597,2035,0,246,46,75,83238,3464,28535,2309,27706,2228,353,313,476,397,36137,2454,35245,2475,744,428,148,173,18566,1689,18417,1709,149,165,0,246
0500000US42101,42101,"Philadelphia County, Pennsylvania",575413,6623,311284,6713,35726,2990,34931,2914,694,471,101,121,187318,5952,183981,6034,2471,783,866,410,88240,2902,88003,2847,237,241,0,246,264129,6251,106784,3730,102647,3808,2793,974,1344,742,122709,5169,118816,5283,2819,894,1074,686,34636,2829,34152,2790,265,151,219,278
0500000US42133,42133,"York County, Pennsylvania",170055,2119,130744,2280,17068,1504,17068,1504,0,246,0,246,81431,2050,80785,2051,322,240,324,261,32245,1299,32217,1303,28,46,0,246,39311,2411,12900,1605,12235,1545,382,286,283,267,19320,1932,18995,1890,223,231,102,125,7091,1080,7091,1080,0,246,0,246
0500000US44007,44007,"Providence County, Rhode Island",232968,3499,126057,3598,13249,1428,12521,1474,728,481,0,291,81508,2763,79978,2802,1283,529,247,224,31300,1798,31204,1794,96,113,0,291,106911,4090,32799,2486,31442,2595,1119,602,238,296,54360,3267,52474,3277,1444,678,442,380,19752,1965,19752,1965,0,291,0,291
0500000US45019,45019,"Charleston County, South Carolina",140640,3213,85547,2953,9794,1381,9646,1374,148,194,0,296,52278,2580,51770,2594,277,260,231,221,23475,1311,23317,1315,158,253,0,296,55093,3113,25649,2521,24275,2554,1345,647,29,50,23979,2423,22963,2511,792,459,224,220,5465,978,5465,978,0,296,0,296
0500000US45045,45045,"Greenville County, South Carolina",172398,2980,117216,3093,15837,1660,15837,1660,0,296,0,296,69942,2589,69087,2647,697,440,158,189,31437,1483,31437,1483,0,296,0,296,55182,3343,18401,1911,17550,1879,730,375,121,151,30972,3019,29713,2897,1259,688,0,296,5809,1101,5809,1101,0,296,0,296
0500000US45051,45051,"Horry County, South Carolina",111352,3442,78425,3126,7420,1436,7096,1405,169,254,155,260,45356,2370,44616,2423,639,535,101,147,25649,1364,25543,1346,0,296,106,174,32927,2992,13604,1990,8928,1869,666,418,4010,1104,15652,2206,13607,2075,720,611,1325,890,3671,880,3287,757,39,63,345,395
0500000US45083,45083,"Spartanburg County, South Carolina",105598,2300,74427,2424,8490,1390,8330,1342,60,103,100,121,45974,2053,44868,2221,775,552,331,330,19963,1036,19963,1036,0,296,0,296,31171,2430,10484,1732,10028,1698,456,360,0,296,16612,1904,15705,1909,664,478,243,250,4075,949,4075,949,0,296,0,296
0500000US47037,47037,"Davidson County, Tennessee",249899,3777,135598,3957,19956,2065,19706,2024,93,109,157,187,84730,3284,83700,3333,474,292,556,451,30912,1767,30833,1775,79,133,0,287,114301,3985,50565,2977,47863,2990,1562,816,1140,653,52295,2977,49582,2911,2017,853,696,481,11441,1322,11441,1322,0,287,0,287
0500000US47065,47065,"Hamilton County, Tennessee",135731,2359,88120,2987,9532,1514,9427,1515,105,120,0,287,53355,2190,52712,2156,516,382,127,142,25233,1521,25179,1514,54,90,0,287,47611,2665,15941,1764,15189,1692,709,544,43,73,24135,1964,22490,2077,1130,592,515,455,7535,1568,7535,1568,0,287,0,287
0500000US47149,47149,"Rutherford County, Tennessee",93581,1756,64460,2396,12015,1641,11846,1641,169,190,0,287,41801,2153,41091,2208,649,507,61,104,10644,881,10644,881,0,287,0,287,29121,2557,14031,1841,12643,1923,1115,673,273,332,12473,1865,11929,1814,499,401,45,78,2617,764,2617,764,0,287,0,287
0500000US47157,47157,"Shelby County, Tennessee",339014,4232,202588,4541,22891,2442,22617,2384,219,223,55,95,133032,4068,130787,4057,2015,690,230,239,46665,2145,46366,2132,252,230,47,76,136426,4504,54534,3373,49638,3256,3456,1016,1440,787,68913,4125,66077,4153,1661,741,1175,616,12979,1928,12911,1926,68,112,0,287
0500000US48027,48027,"Bell County, Texas",104508,2882,59644,2418,9889,1378,9747,1384,45,76,97,122,37340,2007,36749,1914,481,325,110,119,12415,959,12248,991,112,133,55,89,44864,2531,22715,1801,22036,1818,400,349,279,264,19508,2021,19027,1960,389,319,92,154,2641,704,2527,684,52,85,62,97
0500000US48029,48029,"Bexar County, Texas",596937,5209,358198,4789,45678,2692,42829,2743,2323,795,526,365,224912,4065,215635,3922,6841,1244,2436,919,87608,3029,86344,2932,859,495,405,361,238739,5304,99389,3878,92367,3976,4567,1207,2455,1029,116574,4311,109599,4483,5187,1398,1788,846,22776,2045,22776,2045,0,294,0,294
0500000US48039,48039,"Brazoria County, Texas",103828,2275,78248,2873,10700,1869,10578,1882,95,114,27,36,53260,2461,51687,2478,1001,610,572,392,14288,1068,14198,1062,43,70,47,78,25580,2557,10233,2040,9196,1949,785,635,252,384,12976,2043,12387,2030,440,329,149,174,2371,748,2371,748,0,294,0,294
0500000US48041,48041,"Brazos County, Texas",69950,2153,33416,1932,5649,931,5553,931,96,115,0,294,20594,1702,19556,1674,980,528,58,101,7173,697,7173,697,0,294,0,294,36534,2431,26881,2037,25232,2083,1129,734,520,528,8300,1723,7750,1665,550,413,0,294,1353,561,1353,561,0,294,0,294
0500000US48061,48061,"Cameron County, Texas",115579,2921,78084,2818,8847,1482,7233,1319,1221,625,393,257,50468,2713,45570,2584,3765,954,1133,520,18769,1195,18425,1170,132,147,212,181,37495,3182,12293,1817,10477,1736,1338,634,478,282,20416,2142,16130,1895,2648,967,1638,735,4786,1097,4786,1097,0,294,0,294
0500000US48085,48085,"Collin County, Texas",278363,3503,194044,3968,25888,2313,25362,2318,489,330,37,60,143092,3429,141972,3431,772,347,348,347,25064,1469,24830,1453,157,246,77,126,84319,3824,34695,2882,33063,2829,1069,739,563,445,40917,2881,38625,2892,1880,799,412,342,8707,1429,8644,1437,63,104,0,294
0500000US48091,48091,"Comal County, Texas",41058,1765,31246,1619,2504,534,2365,529,139,230,0,294,20158,1288,19190,1347,641,453,327,343,8584,773,8476,755,0,294,108,172,9812,1539,2678,854,2261,726,417,384,0,294,5370,1178,4444,998,926,652,0,294,1764,692,1628,623,0,294,136,203
0500000US48113,48113,"Dallas County, Texas",843416,4626,448918,6552,54632,3311,50348,3204,3502,1057,782,469,297937,5901,283899,5648,10596,1595,3442,925,96349,2420,95785,2394,516,302,48,79,394498,7447,167143,5139,147618,4839,12715,2144,6810,1398,197472,6457,177335,6815,14141,2095,5996,1520,29883,2222,28889,2048,790,495,204,216
0500000US48121,48121,"Denton County, Texas",237903,2627,156864,3901,23701,2026,23510,2019,38,71,153,243,113710,3235,112139,3268,989,504,582,329,19453,1393,19453,1393,0,294,0,294,81039,3787,41396,2974,40498,2958,424,372,474,427,33965,2735,31505,2749,2195,947,265,225,5678,1155,5678,1155,0,294,0,294
0500000US48141,48141,"El Paso County, Texas",248770,2715,156624,4503,17297,1685,15021,1582,1768,776,508,348,101713,3808,96412,3892,3962,1132,1339,624,37614,1937,36906,1922,468,275,240,193,92146,4301,36665,2610,32705,2280,2719,991,1241,718,44840,3331,40371,3190,3613,1078,856,546,10641,1480,10289,1460,309,277,43,70
0500000US48157,48157,"Fort Bend County, Texas",184308,2287,143717,3257,17777,1841,17484,1825,230,278,63,106,107131,2707,104204,2696,2515,757,412,352,18809,1339,18752,1344,57,99,0,294,40591,3138,11840,1648,10512,1569,1021,622,307,306,25897,2670,23850,2706,1916,678,131,155,2854,723,2854,723,0,294,0,294
0500000US48167,48167,"Galveston County, Texas",107421,2496,74967,2916,8992,1394,8947,1385,45,79,0,294,50355,2220,49143,2196,1021,538,191,245,15620,1417,15537,1408,83,138,0,294,32454,2653,10259,1784,9363,1673,896,671,0,294,18570,2008,17114,1959,1296,721,160,129,3625,1000,3625,1000,0,294,0,294
0500000US48183,48183,"Gregg County, Texas",44314,1677,27749,1648,2802,906,2547,853,205,220,50,96,16370,1380,16114,1407,256,238,0,294,8577,724,8577,724,0,294,0,294,16565,1802,6429,1148,6260,1139,69,118,100,176,7837,1548,6908,1456,506,375,423,391,2299,716,2299,716,0,294,0,294
0500000US48201,48201,"Harris County, Texas",1395382,7359,800209,9037,105805,4602,99490,4327,4504,1386,1811,726,542307,7673,520330,7676,18123,1993,3854,750,152097,3869,150249,3760,1529,516,319,259,595173,9227,252010,7265,220195,7503,21848,2869,9967,1971,298387,8342,268916,8503,23010,3064,6461,1537,44776,3253,44298,3246,231,218,247,208
0500000US48215,48215,"Hidalgo County, Texas",212743,3406,144759,4221,21984,2349,18678,2240,2402,682,904,401,91293,3321,76851,3649,10098,1732,4344,1264,31482,1469,30415,1495,743,390,324,267,67984,4455,25885,2833,20526,2743,3022,964,2337,1049,34162,2915,28200,2787,3842,1116,2120,1010,7937,1560,7821,1567,0,294,116,143
0500000US48231,48231,"Hunt County, Texas",31520,1441,21230,1517,2092,575,1803,520,132,145,157,249,13598,1019,13224,1009,374,273,0,294,5540,649,5540,649,0,294,0,294,10290,1426,4015,1009,3084,953,446,373,485,422,4098,1096,4098,1096,0,294,0,294,2177,726,2074,720,0,294,103,170
0500000US48245,48245,"Jefferson County, Texas",90767,3226,56687,3035,6269,1341,5945,1304,301,306,23,43,33527,2105,32326,2014,1126,588,75,129,16891,1210,16891,1210,0,294,0,294,34080,2944,13267,1800,12008,1635,485,434,774,592,16588,2079,15722,2034,866,490,0,294,4225,937,4156,943,69,118,0,294
0500000US48303,48303,"Lubbock County, Texas",104810,2224,60639,2507,8563,1152,8376,1147,187,212,0,294,36420,1840,34644,1860,1627,669,149,149,15656,1229,15604,1231,0,294,52,87,44171,2988,23550,2390,22039,2383,1229,798,282,224,16224,1981,14931,1965,884,612,409,387,4397,1046,4397,1046,0,294,0,294
0500000US48309,48309,"McLennan County, Texas",83212,2393,49120,2745,5769,1085,5399,1050,370,274,0,294,29237,2130,28533,2102,630,416,74,100,14114,1343,13973,1336,80,115,61,96,34092,2152,15196,1883,14320,1816,876,529,0,294,15659,1815,15003,1815,407,389,249,297,3237,726,3237,726,0,294,0,294
0500000US48339,48339,"Montgomery County, Texas",162010,2669,120512,3529,14434,1825,12988,1771,1184,762,262,419,82386,2652,79987,2649,1004,424,1395,701,23692,1396,23446,1404,74,127,172,221,41498,2781,16392,1921,14459,1764,1486,811,447,480,20451,2198,17892,2248,2220,1046,339,369,4655,1127,4503,1108,152,240,0,294
0500000US48355,48355,"Nueces County, Texas",123072,2698,73282,3120,6454,1418,5741,1366,529,525,184,228,45855,2810,44217,2767,1473,489,165,180,20973,1409,20860,1418,42,67,71,89,49790,3367,21235,2222,18530,2238,2064,888,641,497,23576,2434,21961,2281,1108,664,507,416,4979,1064,4979,1064,0,294,0,294
0500000US48375,48375,"Potter County, Texas",42049,1368,24157,1773,3426,834,3012,805,414,310,0,294,14818,1490,14176,1662,366,357,276,343,5913,616,5913,616,0,294,0,294,17892,1795,7319,1216,6896,1200,389,317,34,57,8506,1457,7782,1399,589,429,135,128,2067,619,2011,596,0,294,56,91
0500000US48423,48423,"Smith County, Texas",79341,1861,53274,2327,7162,1245,6854,1282,308,305,0,294,29707,1755,27970,1874,997,498,740,615,16405,1163,16405,1163,0,294,0,294,26067,2232,11891,1341,10797,1369,912,559,182,237,11199,1655,10617,1641,287,206,295,287,2977,718,2794,668,183,291,0,294
0500000US48439,48439,"Tarrant County, Texas",655273,5974,406514,5882,55391,3712,53081,3757,1975,794,335,261,273768,5074,266037,4966,5987,1120,1744,677,77355,2749,76886,2781,304,232,165,139,248759,6605,106715,5351,99281,5297,5738,1407,1696,876,121267,4537,113569,4335,6374,1350,1324,561,20777,2001,20538,1965,153,175,86,101
0500000US48453,48453,"Travis County, Texas",403638,4215,206912,5222,30000,2249,28827,2162,963,687,210,244,140887,4369,138015,4194,1935,619,937,398,36025,1911,35633,1917,392,369,0,294,196726,4611,108691,4114,101220,3992,4452,1279,3019,972,77508,3938,70256,4071,5289,1243,1963,733,10527,1503,10527,1503,0,294,0,294
0500000US48479,48479,"Webb County, Texas",66716,1657,39900,2157,6024,1255,5387,1168,530,383,107,131,25872,1825,22839,1993,2471,769,562,354,8004,872,7114,857,579,460,311,276,26816,2126,10917,1579,7787,1435,1437,735,1693,808,12605,1634,9308,1602,2096,796,1201,739,3294,731,3208,745,0,294,86,99
0500000US48485,48485,"Wichita County, Texas",47607,1847,29923,1923,3568,919,3386,916,182,242,0,294,16989,1488,16363,1464,393,333,233,195,9366,873,9308,874,58,94,0,294,17684,2098,6835,1503,6279,1537,556,452,0,294,8773,1348,8485,1331,288,305,0,294,2076,626,2076,626,0,294,0,294
0500000US48491,48491,"Williamson County, Texas",152739,2373,100598,3231,16147,1695,15820,1764,291,274,36,62,67567,2837,66595,2908,801,432,171,195,16884,1554,16884,1554,0,294,0,294,52141,3098,21963,2018,20561,1770,1026,684,376,336,24651,2869,23171,2750,942,678,538,436,5527,1143,5527,1143,0,294,0,294
0500000US49005,49005,"Cache County, Utah",35369,821,22351,1127,5140,787,4778,729,296,218,66,109,12767,842,12545,871,222,169,0,267,4444,509,4444,509,0,267,0,267,13018,1454,9392,1187,8992,1201,318,205,82,136,2769,754,2638,745,131,136,0,267,857,513,857,513,0,267,0,267
0500000US49035,49035,"Salt Lake County, Utah",338931,3109,229445,4171,41403,2558,40193,2437,1167,546,43,70,142118,3211,137621,3403,3884,1105,613,363,45924,1578,45805,1571,0,267,119,140,109486,4134,52531,3305,46891,3210,4669,1370,971,447,46088,2890,41711,2815,3491,1163,886,441,10867,1579,10867,1579,0,267,0,267
0500000US49049,49049,"Utah County, Utah",140114,1874,97095,2236,23007,1534,22342,1516,622,357,43,71,56300,1810,54863,1794,1071,433,366,297,17788,967,17626,991,116,124,46,75,43019,2432,27065,2119,24348,2145,2467,780,250,227,13202,1695,12181,1661,558,409,463,348,2752,862,2708,862,44,72,0,267
0500000US49053,49053,"Washington County, Utah",47413,1786,32513,1573,4469,946,4289,942,147,178,33,58,15856,1406,15305,1353,551,393,0,267,12188,962,12188,962,0,267,0,267,14900,1956,6228,1204,5190,1132,756,517,282,301,6690,1167,6421,1154,128,141,141,123,1982,831,1982,831,0,267,0,267
0500000US51059,51059,"Fairfax County, Virginia",389415,3502,272224,4427,27342,2297,26821,2278,342,377,179,284,193322,3969,190263,3774,2358,819,701,444,51560,1846,51415,1843,77,122,68,113,117191,4345,46414,2882,43648,3131,1748,857,1018,609,60808,3662,55959,3400,3252,1023,1597,796,9969,1367,9692,1382,277,354,0,287
0500000US51153,51153,"Prince William County, Virginia",130358,3978,95351,3580,12175,1902,11870,1903,305,243,0,287,70651,2799,69716,2847,717,407,218,266,12525,1084,12317,1048,208,266,0,287,35007,3396,12481,2199,11750,2272,482,405,249,283,20635,2416,19466,2437,1107,694,62,101,1891,557,1891,557,0,287,0,287
0500000US51760,51760,"Richmond city, Virginia",83927,2546,37110,2274,4911,791,4911,791,0,287,0,287,21830,1830,21665,1805,165,208,0,287,10369,1087,10369,1087,0,287,0,287,46817,2824,22124,1953,20707,1921,980,607,437,393,19127,2173,17699,2138,860,481,568,435,5566,973,5566,973,0,287,0,287
0500000US51810,51810,"Virginia Beach city, Virginia",164300,2574,107949,3408,13569,1615,13283,1604,227,306,59,99,70747,2300,70040,2347,419,277,288,312,23633,1454,23572,1449,61,99,0,287,56351,3577,26486,2188,25911,2213,459,384,116,135,24260,2581,23488,2535,639,436,133,218,5605,1082,5501,1087,0,287,104,169
0500000US53005,53005,"Benton County, Washington",64115,1486,44224,1969,5655,1064,5388,1017,267,227,0,277,28579,1527,28293,1527,190,166,96,122,9990,1159,9990,1159,0,277,0,277,19891,1911,7266,1018,6341,1045,549,492,376,383,10092,1464,9467,1478,625,366,0,277,2533,798,2533,798,0,277,0,277
0500000US53011,53011,"Clark County, Washington",155533,2314,103765,3006,12421,1544,12319,1546,102,115,0,277,68890,2401,67125,2373,988,496,777,415,22454,1288,22454,1288,0,277,0,277,51768,3175,17178,2012,16135,1994,689,497,354,306,27271,2415,25943,2272,1075,682,253,329,7319,1011,7260,1015,0,277,59,97
0500000US53033,53033,"King County, Washington",787809,6276,457774,6341,48654,2820,47471,2756,1059,560,124,143,316229,5413,312593,5244,2964,762,672,460,92891,3071,92494,3103,226,191,171,164,330035,6778,134996,5145,125691,5332,5999,1340,3306,1219,154637,5047,146392,5197,5800,1416,2445,921,40402,2821,40019,2842,58,96,325,245
0500000US53035,53035,"Kitsap County, Washington",99150,2990,64764,2781,5365,1024,5234,1015,131,148,0,277,43859,2168,43335,2185,346,225,178,283,15540,1766,15346,1728,194,169,0,277,34386,3095,14523,2169,13935,1994,504,492,84,154,16126,2024,15922,2023,161,153,43,71,3737,977,3562,967,175,266,0,277
0500000US53053,53053,"Pierce County, Washington",299876,3286,184103,4609,23079,2193,22153,2123,756,497,170,204,120779,3603,118297,3752,1826,684,656,449,40245,2063,40099,2073,105,124,41,69,115773,4882,47103,3165,45121,2981,1620,589,362,330,55796,3710,53141,3657,2282,919,373,337,12874,1522,12859,1521,0,277,15,26
0500000US53061,53061,"Snohomish County, Washington",266080,3260,178789,3629,21324,1957,20421,1867,651,391,252,300,123095,2681,120761,2516,2068,783,266,180,34370,1746,34261,1716,54,95,55,93,87291,4098,33325,2381,30698,2450,1936,703,691,483,44549,3257,42521,3275,1774,671,254,205,9417,1275,9343,1283,44,72,30,53
0500000US53063,53063,"Spokane County, Washington",187672,3400,118781,3113,14099,1737,13749,1694,350,378,0,277,73860,2679,73104,2678,666,346,90,106,30822,1395,30822,1395,0,277,0,277,68891,3809,29332,3287,28211,3293,998,647,123,153,30382,3167,29605,3218,648,453,129,208,9177,1312,9177,1312,0,277,0,277
0500000US53073,53073,"Whatcom County, Washington",80288,2099,49116,2073,4148,1055,4081,1057,67,69,0,277,32635,1642,31963,1621,595,345,77,110,12333,915,12333,915,0,277,0,277,31172,2575,14790,1938,14231,1899,344,262,215,221,11898,1715,11564,1735,334,287,0,277,4484,930,4426,918,0,277,58,97
0500000US53077,53077,"Yakima County, Washington",79875,1703,48747,2452,6228,1308,5370,1287,590,445,268,415,29597,1795,28230,1838,1095,648,272,198,12922,1016,12906,1016,0,277,16,27,31128,2505,12701,1715,11445,1594,1130,660,126,155,14087,1667,12610,1602,1216,603,261,261,4340,781,4289,800,0,277,51,88
0500000US55009,55009,"Brown County, Wisconsin",98165,3442,65652,2192,8608,1314,8355,1288,253,250,0,218,43315,1634,42640,1674,675,349,0,218,13729,1032,13729,1032,0,218,0,218,32513,2749,13188,2559,12602,2548,514,349,72,82,14785,1598,13973,1583,746,398,66,116,4540,908,4540,908,0,218,0,218
0500000US55025,55025,"Dane County, Wisconsin",203073,2600,123730,2562,17928,1676,17688,1660,240,258,0,218,80426,2138,79850,2100,453,301,123,204,25376,1265,25376,1265,0,218,0,218,79343,2677,42392,2266,40774,2302,1321,723,297,236,29165,2266,28231,2299,734,475,200,229,7786,1113,7786,1113,0,218,0,218
0500000US55079,55079,"Milwaukee County, Wisconsin",378876,3590,198864,4376,26990,1951,26521,1907,469,337,0,218,123623,3343,121318,3398,1708,645,597,392,48251,2111,48048,2126,102,119,101,119,180012,4904,71902,3427,68208,3440,3255,1050,439,298,83686,3739,80846,3688,2303,724,537,400,24424,1945,24280,1948,97,162,47,78
0500000US55101,55101,"Racine County, Wisconsin",74808,2175,51764,2209,5114,932,5016,917,98,99,0,218,33431,1754,33092,1744,310,246,29,48,13219,886,13219,886,0,218,0,218,23044,2040,8865,1219,8273,1246,341,319,251,244,10040,1504,10040,1504,0,218,0,218,4139,1063,4139,1063,0,218,0,218
0500000US72021,72021,"Bayam�n Municipio, Puerto Rico",78008,1857,54754,1958,4846,951,4474,1004,291,217,81,135,30618,1489,29782,1523,714,362,122,143,19290,878,19132,912,110,131,48,79,23254,1849,8648,1087,8257,1044,315,283,76,126,10755,1322,10057,1300,303,251,395,292,3851,778,3814,776,37,62,0,285
0500000US72031,72031,"Carolina Municipio, Puerto Rico",62704,2248,45354,2395,4069,775,3752,727,156,189,161,194,27204,1771,25285,1729,1707,548,212,214,14081,1087,13951,1098,130,166,0,285,17350,1756,5656,895,4960,851,599,408,97,156,9402,1347,8686,1262,597,368,119,199,2292,649,2292,649,0,285,0,285
0500000US72113,72113,"Ponce Municipio, Puerto Rico",58417,1599,39404,1589,3173,702,2624,646,476,324,73,121,22997,1490,21166,1325,1520,558,311,288,13234,744,12819,706,415,305,0,285,19013,1509,5892,974,5297,972,438,278,157,159,9939,1263,9440,1177,499,364,0,285,3182,604,3110,596,72,119,0,285
0500000US72127,72127,"San Juan Municipio, Puerto Rico",158168,3196,87894,2999,6642,1108,6424,1070,180,213,38,62,50186,2261,49120,2209,727,374,339,253,31066,1762,30844,1755,156,133,66,109,70274,3125,21678,1784,19409,1805,1649,488,620,371,36653,2416,34982,2412,1341,573,330,322,11943,1290,11752,1259,119,116,72,82
0500000US72137,72137,"Toa Baja Municipio, Puerto Rico",32583,1447,26190,1443,2823,704,2653,703,170,223,0,285,16670,1099,15448,1174,852,495,370,330,6697,644,6697,644,0,285,0,285,6393,1276,2329,778,1743,691,344,271,242,237,3096,781,2728,764,286,256,82,131,968,401,968,401,0,285,0,285
