GEO.id,Id
GEO.id2,Id2
GEO.display-label,Geography
HD01_VD02,Estimate; Total:
HD02_VD02,Margin of Error; Total:
HD01_VD04,Estimate; Male -- - Total
HD02_VD04,Margin of Error; Male -- - Total
HD01_VD05,"Estimate; Male -- - Worked full-time, year-round in the past 12 months"
HD02_VD05,"Margin of Error; Male -- - Worked full-time, year-round in the past 12 months"
HD01_VD06,Estimate; Male -- - Other
HD02_VD06,Margin of Error; Male -- - Other
HD01_VD08,Estimate; Female -- - Total
HD02_VD08,Margin of Error; Female -- - Total
HD01_VD09,"Estimate; Female -- - Worked full-time, year-round in the past 12 months"
HD02_VD09,"Margin of Error; Female -- - Worked full-time, year-round in the past 12 months"
HD01_VD10,Estimate; Female -- - Other
HD02_VD10,Margin of Error; Female -- - Other
