GEO.id,Id
GEO.id2,Id2
GEO.display-label,Geography
HD01_VD01,Estimate; Total living in area 1 year ago:
HD02_VD01,Margin of Error; Total living in area 1 year ago:
HD01_VD02,Estimate; Same house
HD02_VD02,Margin of Error; Same house
HD01_VD03,Estimate; Moved within same municipio
HD02_VD03,Margin of Error; Moved within same municipio
HD01_VD04,Estimate; Moved to different municipio
HD02_VD04,Margin of Error; Moved to different municipio
HD01_VD05,Estimate; Moved to the United States
HD02_VD05,Margin of Error; Moved to the United States
