GEO.id,Id
GEO.id2,Id2
GEO.display-label,Geography
HD01_VD01,Estimate; Total:
HD02_VD01,Margin of Error; Total:
HD01_VD02,Estimate; Total: - Same house 1 year ago
HD02_VD02,Margin of Error; Total: - Same house 1 year ago
HD01_VD03,Estimate; Total: - Moved within same county
HD02_VD03,Margin of Error; Total: - Moved within same county
HD01_VD04,Estimate; Total: - Moved from different county within same state
HD02_VD04,Margin of Error; Total: - Moved from different county within same state
HD01_VD05,Estimate; Total: - Moved from different state
HD02_VD05,Margin of Error; Total: - Moved from different state
HD01_VD06,Estimate; Total: - Moved from abroad
HD02_VD06,Margin of Error; Total: - Moved from abroad
